"area_fips","own_code","industry_code","agglvl_code","size_code","year","qtr","disclosure_code","qtrly_estabs","month1_emplvl","month2_emplvl","month3_emplvl","total_qtrly_wages","taxable_qtrly_wages","qtrly_contributions","avg_wkly_wage","lq_disclosure_code","lq_qtrly_estabs","lq_month1_emplvl","lq_month2_emplvl","lq_month3_emplvl","lq_total_qtrly_wages","lq_taxable_qtrly_wages","lq_qtrly_contributions","lq_avg_wkly_wage","oty_disclosure_code","oty_qtrly_estabs_chg","oty_qtrly_estabs_pct_chg","oty_month1_emplvl_chg","oty_month1_emplvl_pct_chg","oty_month2_emplvl_chg","oty_month2_emplvl_pct_chg","oty_month3_emplvl_chg","oty_month3_emplvl_pct_chg","oty_total_qtrly_wages_chg","oty_total_qtrly_wages_pct_chg","oty_taxable_qtrly_wages_chg","oty_taxable_qtrly_wages_pct_chg","oty_qtrly_contributions_chg","oty_qtrly_contributions_pct_chg","oty_avg_wkly_wage_chg","oty_avg_wkly_wage_pct_chg"
"01000","5","3361","56","0","2024","3","",57,22721,22710,22933,515179922,10383438,30438,1739,"",4.68,5.91,5.80,5.84,6.61,9.74,2.86,1.13,"",3,5.6,539,2.4,668,3.0,727,3.3,76349873,17.4,-933015,-8.2,-10032,-24.8,215,14.1
"01003","5","3361","76","0","2024","3","N",2,0,0,0,0,0,0,0,"N",3.01,0,0,0,0,0,0,0,"N",0,0.0,0,0,0,0,0,0,0,0,0,0,0,0,0,0
"01015","5","3361","76","0","2024","3","N",1,0,0,0,0,0,0,0,"N",4.70,0,0,0,0,0,0,0,"N",0,0.0,0,0,0,0,0,0,0,0,0,0,0,0,0,0
"01017","5","3361","76","0","2024","3","N",2,0,0,0,0,0,0,0,"N",34.70,0,0,0,0,0,0,0,"N",2,100.0,0,0,0,0,0,0,0,0,0,0,0,0,0,0
"01019","5","3361","76","0","2024","3","N",2,0,0,0,0,0,0,0,"N",53.20,0,0,0,0,0,0,0,"N",1,100.0,0,0,0,0,0,0,0,0,0,0,0,0,0,0
"01021","5","3361","76","0","2024","3","N",1,0,0,0,0,0,0,0,"N",14.54,0,0,0,0,0,0,0,"N",1,100.0,0,0,0,0,0,0,0,0,0,0,0,0,0,0
"01031","5","3361","76","0","2024","3","N",1,0,0,0,0,0,0,0,"N",9.68,0,0,0,0,0,0,0,"N",0,0.0,0,0,0,0,0,0,0,0,0,0,0,0,0,0
"01073","5","3361","76","0","2024","3","",11,525,540,555,8729359,694448,6799,1243,"",6.35,0.78,0.79,0.82,0.57,3.93,4.17,0.71,"",1,10.0,-13,-2.4,-2,-0.4,10,1.8,180558,2.1,73466,11.8,-1556,-18.6,29,2.4
"01081","5","3361","76","0","2024","3","N",2,0,0,0,0,0,0,0,"N",6.09,0,0,0,0,0,0,0,"N",0,0.0,0,0,0,0,0,0,0,0,0,0,0,0,0,0
"01083","5","3361","76","0","2024","3","N",2,0,0,0,0,0,0,0,"N",12.84,0,0,0,0,0,0,0,"N",-1,-33.3,0,0,0,0,0,0,0,0,0,0,0,0,0,0
"01089","5","3361","76","0","2024","3","N",8,0,0,0,0,0,0,0,"N",7.68,0,0,0,0,0,0,0,"N",-2,-20.0,0,0,0,0,0,0,0,0,0,0,0,0,0,0
"01097","5","3361","76","0","2024","3","N",2,0,0,0,0,0,0,0,"N",2.16,0,0,0,0,0,0,0,"N",0,0.0,0,0,0,0,0,0,0,0,0,0,0,0,0,0
"01101","5","3361","76","0","2024","3","N",3,0,0,0,0,0,0,0,"N",5.45,0,0,0,0,0,0,0,"N",0,0.0,0,0,0,0,0,0,0,0,0,0,0,0,0,0
"01103","5","3361","76","0","2024","3","N",1,0,0,0,0,0,0,0,"N",3.93,0,0,0,0,0,0,0,"N",1,100.0,0,0,0,0,0,0,0,0,0,0,0,0,0,0
"01121","5","3361","76","0","2024","3","N",1,0,0,0,0,0,0,0,"N",8.35,0,0,0,0,0,0,0,"N",0,0.0,0,0,0,0,0,0,0,0,0,0,0,0,0,0
"01125","5","3361","76","0","2024","3","N",1,0,0,0,0,0,0,0,"N",2.44,0,0,0,0,0,0,0,"N",0,0.0,0,0,0,0,0,0,0,0,0,0,0,0,0,0
"01999","5","3361","76","0","2024","3","",17,24,23,22,923744,8000,216,3089,"",10.89,0.16,0.15,0.14,0.21,0.13,0.24,1.40,"",0,0.0,3,14.3,3,15.0,1,4.8,133707,16.9,291,3.8,8,3.8,148,5.0
"04000","5","3361","56","0","2024","3","",14,3718,3680,3643,110540312,1416738,35538,2310,"",0.83,0.65,0.62,0.61,0.84,0.88,1.02,1.34,"",1,7.7,-304,-7.6,-265,-6.7,-122,-3.2,-5320044,-4.6,11243,0.8,-13182,-27.1,31,1.4
"04013","5","3361","76","0","2024","3","",10,1216,1261,1268,40195011,1042908,35305,2477,"",0.94,0.30,0.30,0.30,0.41,0.89,1.42,1.38,"",-1,-9.1,-106,-8.0,-57,-4.3,48,3.9,-9055581,-18.4,127864,14.0,27004,325.3,-467,-15.9
"04019","5","3361","76","0","2024","3","N",1,0,0,0,0,0,0,0,"N",0.57,0,0,0,0,0,0,0,"N",1,100.0,0,0,0,0,0,0,0,0,0,0,0,0,0,0
"04021","5","3361","76","0","2024","3","N",1,0,0,0,0,0,0,0,"N",2.62,0,0,0,0,0,0,0,"N",0,0.0,0,0,0,0,0,0,0,0,0,0,0,0,0,0
"04027","5","3361","76","0","2024","3","N",1,0,0,0,0,0,0,0,"N",3.36,0,0,0,0,0,0,0,"N",0,0.0,0,0,0,0,0,0,0,0,0,0,0,0,0,0
"04999","5","3361","76","0","2024","3","N",1,0,0,0,0,0,0,0,"N",0.51,0,0,0,0,0,0,0,"N",1,100.0,0,0,0,0,0,0,0,0,0,0,0,0,0,0
"05000","5","3361","56","0","2024","3","-",0,0,0,0,0,0,0,0,"N",0.00,0,0,0,0,0,0,0,"N",-1,-100.0,0,0,0,0,0,0,0,0,0,0,0,0,0,0
"05999","5","3361","76","0","2024","3","-",0,0,0,0,0,0,0,0,"N",0.00,0,0,0,0,0,0,0,"N",-1,-100.0,0,0,0,0,0,0,0,0,0,0,0,0,0,0
"06000","5","3361","56","0","2024","3","",87,27263,26945,28006,858279055,8080015,303490,2409,"",0.61,0.82,0.80,0.82,0.88,1.03,0.68,1.08,"",4,4.8,-5214,-16.1,-5343,-16.5,-5447,-16.3,-174927465,-16.9,-5143748,-38.9,-102237,-25.2,-19,-0.8
"06001","5","3361","76","0","2024","3","N",13,0,0,0,0,0,0,0,"N",2.32,0,0,0,0,0,0,0,"N",3,30.0,0,0,0,0,0,0,0,0,0,0,0,0,0,0
"06019","5","3361","76","0","2024","3","N",2,0,0,0,0,0,0,0,"N",0.59,0,0,0,0,0,0,0,"N",0,0.0,0,0,0,0,0,0,0,0,0,0,0,0,0,0
"06029","5","3361","76","0","2024","3","N",3,0,0,0,0,0,0,0,"N",1.40,0,0,0,0,0,0,0,"N",1,50.0,0,0,0,0,0,0,0,0,0,0,0,0,0,0
"06037","5","3361","76","0","2024","3","",20,899,878,878,42347616,901864,29609,3681,"",0.46,0.11,0.10,0.10,0.19,0.49,0.30,1.83,"",0,0.0,-269,-23.0,-308,-26.0,-305,-25.8,-35913558,-45.9,-755131,-45.6,-21511,-42.1,-1425,-27.9
"06059","5","3361","76","0","2024","3","N",10,0,0,0,0,0,0,0,"N",0.88,0,0,0,0,0,0,0,"N",0,0.0,0,0,0,0,0,0,0,0,0,0,0,0,0,0
"06065","5","3361","76","0","2024","3","",5,72,79,93,1477523,47284,1981,1397,"",0.76,0.05,0.05,0.06,0.05,0.13,0.10,0.94,"N",0,0.0,0,0,0,0,0,0,0,0,0,0,0,0,0,0
"06071","5","3361","76","0","2024","3","",4,318,246,156,6959478,47030,1194,2231,"",0.68,0.21,0.16,0.10,0.22,0.14,0.07,1.46,"N",0,0.0,0,0,0,0,0,0,0,0,0,0,0,0,0,0
"06073","5","3361","76","0","2024","3","",8,132,129,130,2900308,28337,988,1712,"",0.79,0.05,0.05,0.05,0.04,0.05,0.03,0.85,"",1,14.3,24,22.2,22,20.6,19,17.1,605713,26.4,-29721,-51.2,-1067,-51.9,88,5.4
"06075","5","3361","76","0","2024","3","-",0,0,0,0,0,0,0,0,"N",0.00,0,0,0,0,0,0,0,"N",0,0,0,0,0,0,0,0,0,0,0,0,0,0,0,0
"06077","5","3361","76","0","2024","3","N",4,0,0,0,0,0,0,0,"N",2.37,0,0,0,0,0,0,0,"N",0,0.0,0,0,0,0,0,0,0,0,0,0,0,0,0,0
"06085","5","3361","76","0","2024","3","",4,64,67,73,2803180,69198,2172,3171,"",0.63,0.03,0.03,0.04,0.02,0.18,0.11,0.69,"",0,0.0,-8,-11.1,-7,-9.5,-1,-1.4,-986571,-26.0,-12399,-15.2,-535,-19.8,-804,-20.2
"06107","5","3361","76","0","2024","3","N",2,0,0,0,0,0,0,0,"N",1.77,0,0,0,0,0,0,0,"N",0,0.0,0,0,0,0,0,0,0,0,0,0,0,0,0,0
"06111","5","3361","76","0","2024","3","",3,9,8,10,97227,7463,254,831,"",1.25,0.01,0.01,0.02,0.01,0.05,0.03,0.48,"N",0,0.0,0,0,0,0,0,0,0,0,0,0,0,0,0,0
"06999","5","3361","76","0","2024","3","N",9,0,0,0,0,0,0,0,"N",1.59,0,0,0,0,0,0,0,"N",1,12.5,0,0,0,0,0,0,0,0,0,0,0,0,0,0
"09000","5","3361","56","0","2024","3","N",5,0,0,0,0,0,0,0,"N",0.44,0,0,0,0,0,0,0,"N",1,25.0,0,0,0,0,0,0,0,0,0,0,0,0,0,0
"09120","5","3361","76","0","2024","3","N",1,0,0,0,0,0,0,0,"N",1.19,0,0,0,0,0,0,0,"N",1,100.0,0,0,0,0,0,0,0,0,0,0,0,0,0,0
"09140","5","3361","76","0","2024","3","N",2,0,0,0,0,0,0,0,"N",1.92,0,0,0,0,0,0,0,"N",2,100.0,0,0,0,0,0,0,0,0,0,0,0,0,0,0
"09150","5","3361","76","0","2024","3","N",2,0,0,0,0,0,0,0,"N",8.72,0,0,0,0,0,0,0,"N",2,100.0,0,0,0,0,0,0,0,0,0,0,0,0,0,0
"12000","5","3361","56","0","2024","3","",52,1900,1893,1899,31657615,833204,5406,1283,"",0.77,0.11,0.10,0.10,0.08,0.18,0.08,0.76,"",3,6.1,93,5.1,95,5.3,100,5.6,4545651,16.8,-93042,-10.0,-2986,-35.6,125,10.8
"12009","5","3361","76","0","2024","3","N",1,0,0,0,0,0,0,0,"N",0.69,0,0,0,0,0,0,0,"N",0,0.0,0,0,0,0,0,0,0,0,0,0,0,0,0,0
"12011","5","3361","76","0","2024","3","N",2,0,0,0,0,0,0,0,"N",0.32,0,0,0,0,0,0,0,"N",0,0.0,0,0,0,0,0,0,0,0,0,0,0,0,0,0
"12021","5","3361","76","0","2024","3","N",1,0,0,0,0,0,0,0,"N",0.71,0,0,0,0,0,0,0,"N",0,0.0,0,0,0,0,0,0,0,0,0,0,0,0,0,0
"12031","5","3361","76","0","2024","3","N",2,0,0,0,0,0,0,0,"N",0.75,0,0,0,0,0,0,0,"N",0,0.0,0,0,0,0,0,0,0,0,0,0,0,0,0,0
"12057","5","3361","76","0","2024","3","N",1,0,0,0,0,0,0,0,"N",0.22,0,0,0,0,0,0,0,"N",0,0.0,0,0,0,0,0,0,0,0,0,0,0,0,0,0
"12071","5","3361","76","0","2024","3","N",1,0,0,0,0,0,0,0,"N",0.45,0,0,0,0,0,0,0,"N",0,0.0,0,0,0,0,0,0,0,0,0,0,0,0,0,0
"12081","5","3361","76","0","2024","3","N",1,0,0,0,0,0,0,0,"N",0.89,0,0,0,0,0,0,0,"N",0,0.0,0,0,0,0,0,0,0,0,0,0,0,0,0,0
"12083","5","3361","76","0","2024","3","N",1,0,0,0,0,0,0,0,"N",1.28,0,0,0,0,0,0,0,"N",-2,-66.7,0,0,0,0,0,0,0,0,0,0,0,0,0,0
"12086","5","3361","76","0","2024","3","N",2,0,0,0,0,0,0,0,"N",0.21,0,0,0,0,0,0,0,"N",0,0.0,0,0,0,0,0,0,0,0,0,0,0,0,0,0
"12095","5","3361","76","0","2024","3","N",3,0,0,0,0,0,0,0,"N",0.70,0,0,0,0,0,0,0,"N",1,50.0,0,0,0,0,0,0,0,0,0,0,0,0,0,0
"12099","5","3361","76","0","2024","3","",7,7,7,7,339440,8024,8,3730,"",1.29,0.01,0.01,0.01,0.01,0.03,0.00,2.03,"",0,0.0,-3,-30.0,-4,-36.4,-5,-41.7,7737,2.3,-7251,-47.5,-189,-95.9,1410,60.8
"12101","5","3361","76","0","2024","3","N",2,0,0,0,0,0,0,0,"N",1.73,0,0,0,0,0,0,0,"N",1,100.0,0,0,0,0,0,0,0,0,0,0,0,0,0,0
"12103","5","3361","76","0","2024","3","N",5,0,0,0,0,0,0,0,"N",1.57,0,0,0,0,0,0,0,"N",2,66.7,0,0,0,0,0,0,0,0,0,0,0,0,0,0
"12105","5","3361","76","0","2024","3","N",2,0,0,0,0,0,0,0,"N",1.51,0,0,0,0,0,0,0,"N",0,0.0,0,0,0,0,0,0,0,0,0,0,0,0,0,0
"12111","5","3361","76","0","2024","3","N",1,0,0,0,0,0,0,0,"N",1.49,0,0,0,0,0,0,0,"N",0,0.0,0,0,0,0,0,0,0,0,0,0,0,0,0,0
"12115","5","3361","76","0","2024","3","N",1,0,0,0,0,0,0,0,"N",0.62,0,0,0,0,0,0,0,"N",0,0.0,0,0,0,0,0,0,0,0,0,0,0,0,0,0
"12117","5","3361","76","0","2024","3","N",1,0,0,0,0,0,0,0,"N",0.73,0,0,0,0,0,0,0,"N",0,0.0,0,0,0,0,0,0,0,0,0,0,0,0,0,0
"12119","5","3361","76","0","2024","3","N",1,0,0,0,0,0,0,0,"N",4.83,0,0,0,0,0,0,0,"N",0,0.0,0,0,0,0,0,0,0,0,0,0,0,0,0,0
"12999","5","3361","76","0","2024","3","",17,27,25,24,1202902,21827,612,3653,"",2.93,0.03,0.03,0.03,0.04,0.08,0.10,1.32,"",2,13.3,5,22.7,1,4.2,1,4.3,303329,33.7,-30830,-58.5,-1294,-67.9,644,21.4
"13000","5","3361","56","0","2024","3","",32,4214,4264,4265,80248616,2699460,24051,1453,"",1.08,0.48,0.47,0.47,0.40,0.91,0.41,0.85,"",9,39.1,211,5.3,101,2.4,120,2.9,8601760,12.0,289222,12.0,-8040,-25.1,110,8.2
"13013","5","3361","76","0","2024","3","N",1,0,0,0,0,0,0,0,"N",7.55,0,0,0,0,0,0,0,"N",0,0.0,0,0,0,0,0,0,0,0,0,0,0,0,0,0
"13029","5","3361","76","0","2024","3","N",1,0,0,0,0,0,0,0,"N",12.12,0,0,0,0,0,0,0,"N",1,100.0,0,0,0,0,0,0,0,0,0,0,0,0,0,0
"13057","5","3361","76","0","2024","3","N",2,0,0,0,0,0,0,0,"N",3.28,0,0,0,0,0,0,0,"N",1,100.0,0,0,0,0,0,0,0,0,0,0,0,0,0,0
"13067","5","3361","76","0","2024","3","N",1,0,0,0,0,0,0,0,"N",0.47,0,0,0,0,0,0,0,"N",0,0.0,0,0,0,0,0,0,0,0,0,0,0,0,0,0
"13077","5","3361","76","0","2024","3","N",1,0,0,0,0,0,0,0,"N",3.57,0,0,0,0,0,0,0,"N",1,100.0,0,0,0,0,0,0,0,0,0,0,0,0,0,0
"13083","5","3361","76","0","2024","3","N",2,0,0,0,0,0,0,0,"N",84.75,0,0,0,0,0,0,0,"N",1,100.0,0,0,0,0,0,0,0,0,0,0,0,0,0,0
"13117","5","3361","76","0","2024","3","N",1,0,0,0,0,0,0,0,"N",1.48,0,0,0,0,0,0,0,"N",1,100.0,0,0,0,0,0,0,0,0,0,0,0,0,0,0
"13119","5","3361","76","0","2024","3","N",1,0,0,0,0,0,0,0,"N",21.57,0,0,0,0,0,0,0,"N",0,0.0,0,0,0,0,0,0,0,0,0,0,0,0,0,0
"13121","5","3361","76","0","2024","3","N",6,0,0,0,0,0,0,0,"N",1.08,0,0,0,0,0,0,0,"N",3,100.0,0,0,0,0,0,0,0,0,0,0,0,0,0,0
"13135","5","3361","76","0","2024","3","N",2,0,0,0,0,0,0,0,"N",0.78,0,0,0,0,0,0,0,"N",1,100.0,0,0,0,0,0,0,0,0,0,0,0,0,0,0
"13145","5","3361","76","0","2024","3","N",1,0,0,0,0,0,0,0,"N",22.60,0,0,0,0,0,0,0,"N",0,0.0,0,0,0,0,0,0,0,0,0,0,0,0,0,0
"13151","5","3361","76","0","2024","3","N",1,0,0,0,0,0,0,0,"N",2.40,0,0,0,0,0,0,0,"N",0,0.0,0,0,0,0,0,0,0,0,0,0,0,0,0,0
"13175","5","3361","76","0","2024","3","N",1,0,0,0,0,0,0,0,"N",10.75,0,0,0,0,0,0,0,"N",1,100.0,0,0,0,0,0,0,0,0,0,0,0,0,0,0
"13217","5","3361","76","0","2024","3","N",1,0,0,0,0,0,0,0,"N",6.09,0,0,0,0,0,0,0,"N",1,100.0,0,0,0,0,0,0,0,0,0,0,0,0,0,0
"13247","5","3361","76","0","2024","3","N",1,0,0,0,0,0,0,0,"N",5.07,0,0,0,0,0,0,0,"N",1,100.0,0,0,0,0,0,0,0,0,0,0,0,0,0,0
"13285","5","3361","76","0","2024","3","N",2,0,0,0,0,0,0,0,"N",14.35,0,0,0,0,0,0,0,"N",-1,-33.3,0,0,0,0,0,0,0,0,0,0,0,0,0,0
"13299","5","3361","76","0","2024","3","-",0,0,0,0,0,0,0,0,"N",0.00,0,0,0,0,0,0,0,"N",-1,-100.0,0,0,0,0,0,0,0,0,0,0,0,0,0,0
"13999","5","3361","76","0","2024","3","N",7,0,0,0,0,0,0,0,"N",1.77,0,0,0,0,0,0,0,"N",-1,-12.5,0,0,0,0,0,0,0,0,0,0,0,0,0,0
"16000","5","3361","56","0","2024","3","N",13,0,0,0,0,0,0,0,"N",1.66,0,0,0,0,0,0,0,"N",0,0.0,0,0,0,0,0,0,0,0,0,0,0,0,0,0
"16001","5","3361","76","0","2024","3","N",2,0,0,0,0,0,0,0,"N",0.98,0,0,0,0,0,0,0,"N",0,0.0,0,0,0,0,0,0,0,0,0,0,0,0,0,0
"16015","5","3361","76","0","2024","3","-",0,0,0,0,0,0,0,0,"N",0.00,0,0,0,0,0,0,0,"N",0,0,0,0,0,0,0,0,0,0,0,0,0,0,0,0
"16045","5","3361","76","0","2024","3","N",2,0,0,0,0,0,0,0,"N",36.52,0,0,0,0,0,0,0,"N",0,0.0,0,0,0,0,0,0,0,0,0,0,0,0,0,0
"16055","5","3361","76","0","2024","3","N",1,0,0,0,0,0,0,0,"N",1.50,0,0,0,0,0,0,0,"N",0,0.0,0,0,0,0,0,0,0,0,0,0,0,0,0,0
"16999","5","3361","76","0","2024","3","",8,9,9,9,211509,53258,503,1808,"",5.77,0.21,0.21,0.21,0.15,0.45,0.28,0.73,"",0,0.0,-3,-25.0,-3,-25.0,-3,-25.0,-88351,-29.5,-35460,-40.0,-235,-31.8,-114,-5.9
"17000","5","3361","56","0","2024","3","",52,14608,13754,13735,328505686,4093212,204246,1801,"",1.69,1.32,1.22,1.21,1.22,0.90,0.94,0.98,"",7,15.6,-552,-3.6,-1749,-11.3,-2358,-14.7,-5874735,-1.8,-19606703,-82.7,-319619,-61.0,151,9.2
"17007","5","3361","76","0","2024","3","N",1,0,0,0,0,0,0,0,"N",14.74,0,0,0,0,0,0,0,"N",-1,-50.0,0,0,0,0,0,0,0,0,0,0,0,0,0,0
"17019","5","3361","76","0","2024","3","N",1,0,0,0,0,0,0,0,"N",3.11,0,0,0,0,0,0,0,"N",1,100.0,0,0,0,0,0,0,0,0,0,0,0,0,0,0
"17031","5","3361","76","0","2024","3","",5,5791,5321,5691,131244554,2158813,159386,1802,"",0.47,1.23,1.12,1.18,1.04,1.14,1.75,0.88,"",0,0.0,196,3.5,-413,-7.2,-206,-3.5,25277662,23.9,-816832,-27.5,-66359,-29.4,382,26.9
"17043","5","3361","76","0","2024","3","N",2,0,0,0,0,0,0,0,"N",0.76,0,0,0,0,0,0,0,"N",1,100.0,0,0,0,0,0,0,0,0,0,0,0,0,0,0
"17089","5","3361","76","0","2024","3","N",1,0,0,0,0,0,0,0,"N",1.01,0,0,0,0,0,0,0,"N",0,0.0,0,0,0,0,0,0,0,0,0,0,0,0,0,0
"17097","5","3361","76","0","2024","3","N",2,0,0,0,0,0,0,0,"N",1.30,0,0,0,0,0,0,0,"N",0,0.0,0,0,0,0,0,0,0,0,0,0,0,0,0,0
"17111","5","3361","76","0","2024","3","N",2,0,0,0,0,0,0,0,"N",3.27,0,0,0,0,0,0,0,"N",1,100.0,0,0,0,0,0,0,0,0,0,0,0,0,0,0
"17113","5","3361","76","0","2024","3","N",2,0,0,0,0,0,0,0,"N",7.75,0,0,0,0,0,0,0,"N",0,0.0,0,0,0,0,0,0,0,0,0,0,0,0,0,0
"17115","5","3361","76","0","2024","3","N",1,0,0,0,0,0,0,0,"N",6.59,0,0,0,0,0,0,0,"N",0,0.0,0,0,0,0,0,0,0,0,0,0,0,0,0,0
"17163","5","3361","76","0","2024","3","N",1,0,0,0,0,0,0,0,"N",2.67,0,0,0,0,0,0,0,"N",0,0.0,0,0,0,0,0,0,0,0,0,0,0,0,0,0
"17167","5","3361","76","0","2024","3","N",1,0,0,0,0,0,0,0,"N",2.62,0,0,0,0,0,0,0,"N",0,0.0,0,0,0,0,0,0,0,0,0,0,0,0,0,0
"17187","5","3361","76","0","2024","3","N",1,0,0,0,0,0,0,0,"N",34.61,0,0,0,0,0,0,0,"N",0,0.0,0,0,0,0,0,0,0,0,0,0,0,0,0,0
"17197","5","3361","76","0","2024","3","N",2,0,0,0,0,0,0,0,"N",1.63,0,0,0,0,0,0,0,"N",-1,-33.3,0,0,0,0,0,0,0,0,0,0,0,0,0,0
"17201","5","3361","76","0","2024","3","N",1,0,0,0,0,0,0,0,"N",2.22,0,0,0,0,0,0,0,"N",0,0.0,0,0,0,0,0,0,0,0,0,0,0,0,0,0
"17999","5","3361","76","0","2024","3","",29,46,47,47,1730328,29657,382,2852,"",4.87,0.11,0.11,0.11,0.11,0.11,0.03,1.01,"",6,26.1,-7,-13.2,-11,-19.0,-10,-17.5,212344,14.0,-125683,-80.9,-3810,-90.9,767,36.8
"18000","5","3361","56","0","2024","3","",25,18714,21075,21074,433675585,5417633,111373,1644,"",1.70,3.24,3.54,3.54,3.69,2.93,2.66,1.07,"",0,0.0,-2885,-13.4,-554,-2.6,-705,-3.2,9784175,2.3,-4578148,-45.8,-75874,-40.5,139,9.2
"18003","5","3361","76","0","2024","3","N",1,0,0,0,0,0,0,0,"N",1.24,0,0,0,0,0,0,0,"N",0,0.0,0,0,0,0,0,0,0,0,0,0,0,0,0,0
"18031","5","3361","76","0","2024","3","N",1,0,0,0,0,0,0,0,"N",18.57,0,0,0,0,0,0,0,"N",0,0.0,0,0,0,0,0,0,0,0,0,0,0,0,0,0
"18039","5","3361","76","0","2024","3","",3,34,33,36,650889,11704,59,1458,"",7.44,0.15,0.14,0.15,0.14,0.19,0.04,0.97,"N",2,200.0,0,0,0,0,0,0,0,0,0,0,0,0,0,0
"18051","5","3361","76","0","2024","3","N",3,0,0,0,0,0,0,0,"N",49.33,0,0,0,0,0,0,0,"N",-1,-25.0,0,0,0,0,0,0,0,0,0,0,0,0,0,0
"18057","5","3361","76","0","2024","3","N",1,0,0,0,0,0,0,0,"N",1.01,0,0,0,0,0,0,0,"N",1,100.0,0,0,0,0,0,0,0,0,0,0,0,0,0,0
"18097","5","3361","76","0","2024","3","N",4,0,0,0,0,0,0,0,"N",1.83,0,0,0,0,0,0,0,"N",-1,-20.0,0,0,0,0,0,0,0,0,0,0,0,0,0,0
"18099","5","3361","76","0","2024","3","N",1,0,0,0,0,0,0,0,"N",11.35,0,0,0,0,0,0,0,"N",1,100.0,0,0,0,0,0,0,0,0,0,0,0,0,0,0
"18113","5","3361","76","0","2024","3","N",2,0,0,0,0,0,0,0,"N",26.74,0,0,0,0,0,0,0,"N",0,0.0,0,0,0,0,0,0,0,0,0,0,0,0,0,0
"18135","5","3361","76","0","2024","3","N",1,0,0,0,0,0,0,0,"N",23.15,0,0,0,0,0,0,0,"N",0,0.0,0,0,0,0,0,0,0,0,0,0,0,0,0,0
"18141","5","3361","76","0","2024","3","N",3,0,0,0,0,0,0,0,"N",5.97,0,0,0,0,0,0,0,"N",0,0.0,0,0,0,0,0,0,0,0,0,0,0,0,0,0
"18157","5","3361","76","0","2024","3","N",1,0,0,0,0,0,0,0,"N",3.06,0,0,0,0,0,0,0,"N",0,0.0,0,0,0,0,0,0,0,0,0,0,0,0,0,0
"18177","5","3361","76","0","2024","3","N",1,0,0,0,0,0,0,0,"N",8.74,0,0,0,0,0,0,0,"N",0,0.0,0,0,0,0,0,0,0,0,0,0,0,0,0,0
"18999","5","3361","76","0","2024","3","N",3,0,0,0,0,0,0,0,"N",1.96,0,0,0,0,0,0,0,"N",-1,-25.0,0,0,0,0,0,0,0,0,0,0,0,0,0,0
"19000","5","3361","56","0","2024","3","",9,382,377,340,5446034,2643282,37116,1144,"",1.07,0.13,0.13,0.12,0.10,0.62,0.49,0.75,"",1,12.5,43,12.7,31,9.0,54,18.9,326668,6.4,260616,10.9,3761,11.3,-73,-6.0
"19013","5","3361","76","0","2024","3","N",1,0,0,0,0,0,0,0,"N",3.35,0,0,0,0,0,0,0,"N",0,0.0,0,0,0,0,0,0,0,0,0,0,0,0,0,0
"19015","5","3361","76","0","2024","3","N",1,0,0,0,0,0,0,0,"N",17.65,0,0,0,0,0,0,0,"N",0,0.0,0,0,0,0,0,0,0,0,0,0,0,0,0,0
"19033","5","3361","76","0","2024","3","N",1,0,0,0,0,0,0,0,"N",7.83,0,0,0,0,0,0,0,"N",1,100.0,0,0,0,0,0,0,0,0,0,0,0,0,0,0
"19045","5","3361","76","0","2024","3","N",1,0,0,0,0,0,0,0,"N",8.81,0,0,0,0,0,0,0,"N",0,0.0,0,0,0,0,0,0,0,0,0,0,0,0,0,0
"19057","5","3361","76","0","2024","3","N",1,0,0,0,0,0,0,0,"N",9.40,0,0,0,0,0,0,0,"N",0,0.0,0,0,0,0,0,0,0,0,0,0,0,0,0,0
"19061","5","3361","76","0","2024","3","N",1,0,0,0,0,0,0,0,"N",3.55,0,0,0,0,0,0,0,"N",0,0.0,0,0,0,0,0,0,0,0,0,0,0,0,0,0
"19089","5","3361","76","0","2024","3","N",1,0,0,0,0,0,0,0,"N",38.77,0,0,0,0,0,0,0,"N",0,0.0,0,0,0,0,0,0,0,0,0,0,0,0,0,0
"19169","5","3361","76","0","2024","3","N",1,0,0,0,0,0,0,0,"N",4.30,0,0,0,0,0,0,0,"N",0,0.0,0,0,0,0,0,0,0,0,0,0,0,0,0,0
"19195","5","3361","76","0","2024","3","N",1,0,0,0,0,0,0,0,"N",56.50,0,0,0,0,0,0,0,"N",0,0.0,0,0,0,0,0,0,0,0,0,0,0,0,0,0
"20000","5","3361","56","0","2024","3","N",8,0,0,0,0,0,0,0,"N",1.04,0,0,0,0,0,0,0,"N",2,33.3,0,0,0,0,0,0,0,0,0,0,0,0,0,0
"20045","5","3361","76","0","2024","3","N",1,0,0,0,0,0,0,0,"N",3.50,0,0,0,0,0,0,0,"N",0,0.0,0,0,0,0,0,0,0,0,0,0,0,0,0,0
"20077","5","3361","76","0","2024","3","N",1,0,0,0,0,0,0,0,"N",58.50,0,0,0,0,0,0,0,"N",0,0.0,0,0,0,0,0,0,0,0,0,0,0,0,0,0
"20091","5","3361","76","0","2024","3","N",1,0,0,0,0,0,0,0,"N",0.43,0,0,0,0,0,0,0,"N",1,100.0,0,0,0,0,0,0,0,0,0,0,0,0,0,0
"20169","5","3361","76","0","2024","3","N",2,0,0,0,0,0,0,0,"N",16.56,0,0,0,0,0,0,0,"N",1,100.0,0,0,0,0,0,0,0,0,0,0,0,0,0,0
"20173","5","3361","76","0","2024","3","N",1,0,0,0,0,0,0,0,"N",0.90,0,0,0,0,0,0,0,"N",0,0.0,0,0,0,0,0,0,0,0,0,0,0,0,0,0
"20209","5","3361","76","0","2024","3","N",2,0,0,0,0,0,0,0,"N",6.42,0,0,0,0,0,0,0,"N",0,0.0,0,0,0,0,0,0,0,0,0,0,0,0,0,0
"21000","5","3361","56","0","2024","3","",32,24110,23843,23794,555009451,8358661,412317,1785,"",2.66,6.84,6.44,6.38,7.87,6.25,11.58,1.20,"",2,6.7,275,1.2,99,0.4,-164,-0.7,71589146,14.8,-2773837,-24.9,55252,15.5,226,14.5
"21009","5","3361","76","0","2024","3","N",1,0,0,0,0,0,0,0,"N",10.08,0,0,0,0,0,0,0,"N",0,0.0,0,0,0,0,0,0,0,0,0,0,0,0,0,0
"21015","5","3361","76","0","2024","3","N",3,0,0,0,0,0,0,0,"N",6.31,0,0,0,0,0,0,0,"N",1,50.0,0,0,0,0,0,0,0,0,0,0,0,0,0,0
"21035","5","3361","76","0","2024","3","N",1,0,0,0,0,0,0,0,"N",9.92,0,0,0,0,0,0,0,"N",0,0.0,0,0,0,0,0,0,0,0,0,0,0,0,0,0
"21037","5","3361","76","0","2024","3","-",0,0,0,0,0,0,0,0,"N",0.00,0,0,0,0,0,0,0,"N",-1,-100.0,0,0,0,0,0,0,0,0,0,0,0,0,0,0
"21047","5","3361","76","0","2024","3","N",2,0,0,0,0,0,0,0,"N",11.97,0,0,0,0,0,0,0,"N",1,100.0,0,0,0,0,0,0,0,0,0,0,0,0,0,0
"21067","5","3361","76","0","2024","3","N",2,0,0,0,0,0,0,0,"N",1.74,0,0,0,0,0,0,0,"N",0,0.0,0,0,0,0,0,0,0,0,0,0,0,0,0,0
"21079","5","3361","76","0","2024","3","N",2,0,0,0,0,0,0,0,"N",62.07,0,0,0,0,0,0,0,"N",0,0.0,0,0,0,0,0,0,0,0,0,0,0,0,0,0
"21111","5","3361","76","0","2024","3","N",7,0,0,0,0,0,0,0,"N",2.72,0,0,0,0,0,0,0,"N",0,0.0,0,0,0,0,0,0,0,0,0,0,0,0,0,0
"21115","5","3361","76","0","2024","3","N",1,0,0,0,0,0,0,0,"N",20.82,0,0,0,0,0,0,0,"N",1,100.0,0,0,0,0,0,0,0,0,0,0,0,0,0,0
"21117","5","3361","76","0","2024","3","N",2,0,0,0,0,0,0,0,"N",4.40,0,0,0,0,0,0,0,"N",0,0.0,0,0,0,0,0,0,0,0,0,0,0,0,0,0
"21173","5","3361","76","0","2024","3","N",1,0,0,0,0,0,0,0,"N",14.80,0,0,0,0,0,0,0,"N",-1,-50.0,0,0,0,0,0,0,0,0,0,0,0,0,0,0
"21209","5","3361","76","0","2024","3","N",3,0,0,0,0,0,0,0,"N",21.70,0,0,0,0,0,0,0,"N",0,0.0,0,0,0,0,0,0,0,0,0,0,0,0,0,0
"21227","5","3361","76","0","2024","3","N",5,0,0,0,0,0,0,0,"N",12.43,0,0,0,0,0,0,0,"N",1,25.0,0,0,0,0,0,0,0,0,0,0,0,0,0,0
"21999","5","3361","76","0","2024","3","N",2,0,0,0,0,0,0,0,"N",5.56,0,0,0,0,0,0,0,"N",0,0.0,0,0,0,0,0,0,0,0,0,0,0,0,0,0
"22000","5","3361","56","0","2024","3","N",6,0,0,0,0,0,0,0,"N",0.51,0,0,0,0,0,0,0,"N",0,0.0,0,0,0,0,0,0,0,0,0,0,0,0,0,0
"22017","5","3361","76","0","2024","3","N",2,0,0,0,0,0,0,0,"N",3.31,0,0,0,0,0,0,0,"N",0,0.0,0,0,0,0,0,0,0,0,0,0,0,0,0,0
"22061","5","3361","76","0","2024","3","N",1,0,0,0,0,0,0,0,"N",8.67,0,0,0,0,0,0,0,"N",1,100.0,0,0,0,0,0,0,0,0,0,0,0,0,0,0
"22063","5","3361","76","0","2024","3","N",1,0,0,0,0,0,0,0,"N",4.19,0,0,0,0,0,0,0,"N",-1,-50.0,0,0,0,0,0,0,0,0,0,0,0,0,0,0
"22087","5","3361","76","0","2024","3","N",1,0,0,0,0,0,0,0,"N",12.86,0,0,0,0,0,0,0,"N",0,0.0,0,0,0,0,0,0,0,0,0,0,0,0,0,0
"22103","5","3361","76","0","2024","3","N",1,0,0,0,0,0,0,0,"N",1.20,0,0,0,0,0,0,0,"N",0,0.0,0,0,0,0,0,0,0,0,0,0,0,0,0,0
"24000","5","3361","56","0","2024","3","",12,225,217,229,3335575,192874,6593,1147,"",0.80,0.04,0.04,0.04,0.03,0.15,0.21,0.59,"N",5,71.4,0,0,0,0,0,0,0,0,0,0,0,0,0,0
"24001","5","3361","76","0","2024","3","N",1,0,0,0,0,0,0,0,"N",8.38,0,0,0,0,0,0,0,"N",0,0.0,0,0,0,0,0,0,0,0,0,0,0,0,0,0
"24003","5","3361","76","0","2024","3","-",0,0,0,0,0,0,0,0,"N",0.00,0,0,0,0,0,0,0,"N",0,0,0,0,0,0,0,0,0,0,0,0,0,0,0,0
"24013","5","3361","76","0","2024","3","N",1,0,0,0,0,0,0,0,"N",2.86,0,0,0,0,0,0,0,"N",1,100.0,0,0,0,0,0,0,0,0,0,0,0,0,0,0
"24021","5","3361","76","0","2024","3","N",1,0,0,0,0,0,0,0,"N",1.73,0,0,0,0,0,0,0,"N",0,0.0,0,0,0,0,0,0,0,0,0,0,0,0,0,0
"24031","5","3361","76","0","2024","3","N",2,0,0,0,0,0,0,0,"N",0.74,0,0,0,0,0,0,0,"N",1,100.0,0,0,0,0,0,0,0,0,0,0,0,0,0,0
"24033","5","3361","76","0","2024","3","N",2,0,0,0,0,0,0,0,"N",1.40,0,0,0,0,0,0,0,"N",1,100.0,0,0,0,0,0,0,0,0,0,0,0,0,0,0
"24999","5","3361","76","0","2024","3","",5,3,3,3,81852,0,0,2099,"",2.03,0.01,0.01,0.01,0.01,0.00,0.00,0.72,"N",3,150.0,0,0,0,0,0,0,0,0,0,0,0,0,0,0
"25000","5","3361","56","0","2024","3","N",1,0,0,0,0,0,0,0,"N",0.05,0,0,0,0,0,0,0,"N",-1,-50.0,0,0,0,0,0,0,0,0,0,0,0,0,0,0
"25009","5","3361","76","0","2024","3","N",1,0,0,0,0,0,0,0,"N",0.46,0,0,0,0,0,0,0,"N",0,0.0,0,0,0,0,0,0,0,0,0,0,0,0,0,0
"26000","5","3361","56","0","2024","3","",102,45552,49453,49389,1148412058,15785415,764624,1835,"",4.43,5.65,5.99,5.97,6.46,6.39,6.95,1.10,"",7,7.4,-4061,-8.2,-379,-0.8,-513,-1.0,91809900,8.7,1187772,8.1,-24729,-3.1,202,12.4
"26021","5","3361","76","0","2024","3","N",1,0,0,0,0,0,0,0,"N",3.20,0,0,0,0,0,0,0,"N",0,0.0,0,0,0,0,0,0,0,0,0,0,0,0,0,0
"26029","5","3361","76","0","2024","3","N",1,0,0,0,0,0,0,0,"N",14.54,0,0,0,0,0,0,0,"N",0,0.0,0,0,0,0,0,0,0,0,0,0,0,0,0,0
"26045","5","3361","76","0","2024","3","",4,4497,4689,4746,108490428,1726314,60824,1797,"",24.84,54.94,55.63,55.93,65.35,75.28,57.75,1.18,"",0,0.0,773,20.8,908,24.0,935,24.5,31419624,40.8,87679,5.4,-3438,-5.3,225,14.3
"26047","5","3361","76","0","2024","3","N",1,0,0,0,0,0,0,0,"N",8.42,0,0,0,0,0,0,0,"N",0,0.0,0,0,0,0,0,0,0,0,0,0,0,0,0,0
"26049","5","3361","76","0","2024","3","N",2,0,0,0,0,0,0,0,"N",3.59,0,0,0,0,0,0,0,"N",0,0.0,0,0,0,0,0,0,0,0,0,0,0,0,0,0
"26055","5","3361","76","0","2024","3","N",1,0,0,0,0,0,0,0,"N",3.47,0,0,0,0,0,0,0,"N",0,0.0,0,0,0,0,0,0,0,0,0,0,0,0,0,0
"26065","5","3361","76","0","2024","3","N",1,0,0,0,0,0,0,0,"N",1.91,0,0,0,0,0,0,0,"N",0,0.0,0,0,0,0,0,0,0,0,0,0,0,0,0,0
"26077","5","3361","76","0","2024","3","N",1,0,0,0,0,0,0,0,"N",2.19,0,0,0,0,0,0,0,"N",0,0.0,0,0,0,0,0,0,0,0,0,0,0,0,0,0
"26081","5","3361","76","0","2024","3","N",2,0,0,0,0,0,0,0,"N",1.48,0,0,0,0,0,0,0,"N",0,0.0,0,0,0,0,0,0,0,0,0,0,0,0,0,0
"26087","5","3361","76","0","2024","3","N",1,0,0,0,0,0,0,0,"N",7.60,0,0,0,0,0,0,0,"N",0,0.0,0,0,0,0,0,0,0,0,0,0,0,0,0,0
"26093","5","3361","76","0","2024","3","N",1,0,0,0,0,0,0,0,"N",2.74,0,0,0,0,0,0,0,"N",0,0.0,0,0,0,0,0,0,0,0,0,0,0,0,0,0
"26099","5","3361","76","0","2024","3","N",6,0,0,0,0,0,0,0,"N",3.99,0,0,0,0,0,0,0,"N",1,20.0,0,0,0,0,0,0,0,0,0,0,0,0,0,0
"26113","5","3361","76","0","2024","3","N",1,0,0,0,0,0,0,0,"N",33.99,0,0,0,0,0,0,0,"N",1,100.0,0,0,0,0,0,0,0,0,0,0,0,0,0,0
"26125","5","3361","76","0","2024","3","",14,928,889,893,25381911,555605,19853,2161,"",4.26,0.70,0.66,0.66,0.78,1.32,1.03,1.16,"",3,27.3,-604,-39.4,-650,-42.2,-657,-42.4,-12476805,-33.0,-218375,-28.2,-4871,-19.7,270,14.3
"26127","5","3361","76","0","2024","3","N",1,0,0,0,0,0,0,0,"N",23.03,0,0,0,0,0,0,0,"N",0,0.0,0,0,0,0,0,0,0,0,0,0,0,0,0,0
"26139","5","3361","76","0","2024","3","N",1,0,0,0,0,0,0,0,"N",1.90,0,0,0,0,0,0,0,"N",0,0.0,0,0,0,0,0,0,0,0,0,0,0,0,0,0
"26155","5","3361","76","0","2024","3","N",1,0,0,0,0,0,0,0,"N",11.14,0,0,0,0,0,0,0,"N",-1,-50.0,0,0,0,0,0,0,0,0,0,0,0,0,0,0
"26163","5","3361","76","0","2024","3","",29,25049,26758,26643,581397607,8456618,429449,1710,"",10.33,18.91,19.73,19.63,17.97,22.76,24.98,0.92,"",4,16.0,-135,-0.5,1177,4.6,975,3.8,96049180,19.8,1225930,17.0,14162,3.4,245,16.7
"26999","5","3361","76","0","2024","3","",33,810,793,803,50284460,721358,35132,4823,"",7.34,2.48,2.36,2.36,4.51,5.11,5.46,1.88,"",1,3.1,-44,-5.2,-63,-7.4,-75,-8.5,-4319335,-7.9,-196952,-21.4,-7141,-16.9,-46,-0.9
"27000","5","3361","56","0","2024","3","N",15,0,0,0,0,0,0,0,"N",0.93,0,0,0,0,0,0,0,"N",1,7.1,0,0,0,0,0,0,0,0,0,0,0,0,0,0
"27025","5","3361","76","0","2024","3","N",2,0,0,0,0,0,0,0,"N",18.86,0,0,0,0,0,0,0,"N",0,0.0,0,0,0,0,0,0,0,0,0,0,0,0,0,0
"27053","5","3361","76","0","2024","3","N",1,0,0,0,0,0,0,0,"N",0.29,0,0,0,0,0,0,0,"N",0,0.0,0,0,0,0,0,0,0,0,0,0,0,0,0,0
"27059","5","3361","76","0","2024","3","N",1,0,0,0,0,0,0,0,"N",13.63,0,0,0,0,0,0,0,"N",0,0.0,0,0,0,0,0,0,0,0,0,0,0,0,0,0
"27119","5","3361","76","0","2024","3","N",1,0,0,0,0,0,0,0,"N",12.86,0,0,0,0,0,0,0,"N",0,0.0,0,0,0,0,0,0,0,0,0,0,0,0,0,0
"27123","5","3361","76","0","2024","3","N",2,0,0,0,0,0,0,0,"N",1.71,0,0,0,0,0,0,0,"N",0,0.0,0,0,0,0,0,0,0,0,0,0,0,0,0,0
"27145","5","3361","76","0","2024","3","N",1,0,0,0,0,0,0,0,"N",2.79,0,0,0,0,0,0,0,"N",0,0.0,0,0,0,0,0,0,0,0,0,0,0,0,0,0
"27163","5","3361","76","0","2024","3","N",1,0,0,0,0,0,0,0,"N",1.88,0,0,0,0,0,0,0,"N",0,0.0,0,0,0,0,0,0,0,0,0,0,0,0,0,0
"27999","5","3361","76","0","2024","3","",6,4,4,5,192252,38065,369,3413,"",1.82,0.02,0.02,0.03,0.03,0.11,0.06,1.12,"",1,20.0,-2,-33.3,-2,-33.3,-1,-16.7,-74385,-27.9,1352,3.7,332,897.3,-5,-0.1
"28000","5","3361","56","0","2024","3","",10,6516,6485,6477,143522888,2223254,8494,1700,"",1.47,3.06,2.98,2.97,4.04,2.18,1.18,1.34,"",-1,-9.1,-108,-1.6,-103,-1.6,-182,-2.7,5559923,4.0,-610739,-21.6,2908,52.1,98,6.1
"28031","5","3361","76","0","2024","3","N",1,0,0,0,0,0,0,0,"N",33.90,0,0,0,0,0,0,0,"N",0,0.0,0,0,0,0,0,0,0,0,0,0,0,0,0,0
"28033","5","3361","76","0","2024","3","N",1,0,0,0,0,0,0,0,"N",3.51,0,0,0,0,0,0,0,"N",0,0.0,0,0,0,0,0,0,0,0,0,0,0,0,0,0
"28087","5","3361","76","0","2024","3","N",1,0,0,0,0,0,0,0,"N",8.47,0,0,0,0,0,0,0,"N",0,0.0,0,0,0,0,0,0,0,0,0,0,0,0,0,0
"28089","5","3361","76","0","2024","3","N",1,0,0,0,0,0,0,0,"N",3.30,0,0,0,0,0,0,0,"N",0,0.0,0,0,0,0,0,0,0,0,0,0,0,0,0,0
"28093","5","3361","76","0","2024","3","N",1,0,0,0,0,0,0,0,"N",23.28,0,0,0,0,0,0,0,"N",0,0.0,0,0,0,0,0,0,0,0,0,0,0,0,0,0
"28117","5","3361","76","0","2024","3","N",1,0,0,0,0,0,0,0,"N",23.69,0,0,0,0,0,0,0,"N",0,0.0,0,0,0,0,0,0,0,0,0,0,0,0,0,0
"28145","5","3361","76","0","2024","3","N",4,0,0,0,0,0,0,0,"N",89.94,0,0,0,0,0,0,0,"N",0,0.0,0,0,0,0,0,0,0,0,0,0,0,0,0,0
"29000","5","3361","56","0","2024","3","",28,14033,14227,14086,330817877,8201849,475867,1803,"",1.50,2.70,2.66,2.59,3.03,4.69,13.63,1.14,"",-2,-6.7,383,2.8,509,3.7,218,1.6,74785653,29.2,249928,3.1,49749,11.7,370,25.8
"29037","5","3361","76","0","2024","3","N",2,0,0,0,0,0,0,0,"N",10.23,0,0,0,0,0,0,0,"N",0,0.0,0,0,0,0,0,0,0,0,0,0,0,0,0,0
"29047","5","3361","76","0","2024","3","N",3,0,0,0,0,0,0,0,"N",5.84,0,0,0,0,0,0,0,"N",-1,-25.0,0,0,0,0,0,0,0,0,0,0,0,0,0,0
"29071","5","3361","76","0","2024","3","N",1,0,0,0,0,0,0,0,"N",4.33,0,0,0,0,0,0,0,"N",1,100.0,0,0,0,0,0,0,0,0,0,0,0,0,0,0
"29077","5","3361","76","0","2024","3","N",1,0,0,0,0,0,0,0,"N",1.19,0,0,0,0,0,0,0,"N",0,0.0,0,0,0,0,0,0,0,0,0,0,0,0,0,0
"29095","5","3361","76","0","2024","3","N",4,0,0,0,0,0,0,0,"N",2.07,0,0,0,0,0,0,0,"N",0,0.0,0,0,0,0,0,0,0,0,0,0,0,0,0,0
"29099","5","3361","76","0","2024","3","-",0,0,0,0,0,0,0,0,"N",0.00,0,0,0,0,0,0,0,"N",-1,-100.0,0,0,0,0,0,0,0,0,0,0,0,0,0,0
"29105","5","3361","76","0","2024","3","N",1,0,0,0,0,0,0,0,"N",15.01,0,0,0,0,0,0,0,"N",0,0.0,0,0,0,0,0,0,0,0,0,0,0,0,0,0
"29113","5","3361","76","0","2024","3","N",1,0,0,0,0,0,0,0,"N",10.80,0,0,0,0,0,0,0,"N",0,0.0,0,0,0,0,0,0,0,0,0,0,0,0,0,0
"29183","5","3361","76","0","2024","3","N",1,0,0,0,0,0,0,0,"N",1.20,0,0,0,0,0,0,0,"N",0,0.0,0,0,0,0,0,0,0,0,0,0,0,0,0,0
"29189","5","3361","76","0","2024","3","N",2,0,0,0,0,0,0,0,"N",0.57,0,0,0,0,0,0,0,"N",0,0.0,0,0,0,0,0,0,0,0,0,0,0,0,0,0
"29201","5","3361","76","0","2024","3","N",1,0,0,0,0,0,0,0,"N",9.93,0,0,0,0,0,0,0,"N",0,0.0,0,0,0,0,0,0,0,0,0,0,0,0,0,0
"29999","5","3361","76","0","2024","3","",11,17,18,19,456457,32573,752,1951,"",3.71,0.07,0.07,0.07,0.06,0.30,0.24,0.83,"",0,0.0,10,142.9,11,157.1,13,216.7,210688,85.7,31261,2382.7,729,3169.6,-885,-31.2
"30000","5","3361","56","0","2024","3","N",1,0,0,0,0,0,0,0,"N",0.21,0,0,0,0,0,0,0,"N",1,100.0,0,0,0,0,0,0,0,0,0,0,0,0,0,0
"30029","5","3361","76","0","2024","3","N",1,0,0,0,0,0,0,0,"N",1.87,0,0,0,0,0,0,0,"N",1,100.0,0,0,0,0,0,0,0,0,0,0,0,0,0,0
"31000","5","3361","56","0","2024","3","N",2,0,0,0,0,0,0,0,"N",0.34,0,0,0,0,0,0,0,"N",0,0.0,0,0,0,0,0,0,0,0,0,0,0,0,0,0
"31053","5","3361","76","0","2024","3","N",1,0,0,0,0,0,0,0,"N",11.92,0,0,0,0,0,0,0,"N",0,0.0,0,0,0,0,0,0,0,0,0,0,0,0,0,0
"31109","5","3361","76","0","2024","3","N",1,0,0,0,0,0,0,0,"N",1.34,0,0,0,0,0,0,0,"N",0,0.0,0,0,0,0,0,0,0,0,0,0,0,0,0,0
"32000","5","3361","56","0","2024","3","",8,336,344,363,7097600,2859617,52389,1570,"",0.96,0.12,0.12,0.13,0.11,0.51,0.33,0.95,"",1,14.3,-31,-8.4,-15,-4.2,9,2.5,640876,9.9,203927,7.7,799,1.5,190,13.8
"32003","5","3361","76","0","2024","3","N",6,0,0,0,0,0,0,0,"N",1.23,0,0,0,0,0,0,0,"N",1,20.0,0,0,0,0,0,0,0,0,0,0,0,0,0,0
"32029","5","3361","76","0","2024","3","N",1,0,0,0,0,0,0,0,"N",51.44,0,0,0,0,0,0,0,"N",0,0.0,0,0,0,0,0,0,0,0,0,0,0,0,0,0
"32031","5","3361","76","0","2024","3","N",1,0,0,0,0,0,0,0,"N",0.79,0,0,0,0,0,0,0,"N",0,0.0,0,0,0,0,0,0,0,0,0,0,0,0,0,0
"34000","5","3361","56","0","2024","3","",7,168,174,174,3348220,1187400,33148,1497,"",0.28,0.02,0.02,0.02,0.02,0.09,0.08,0.76,"",2,40.0,-19,-10.2,-22,-11.2,-25,-12.6,-685075,-17.0,-85357,-6.7,-5158,-13.5,-102,-6.4
"34005","5","3361","76","0","2024","3","N",1,0,0,0,0,0,0,0,"N",1.05,0,0,0,0,0,0,0,"N",0,0.0,0,0,0,0,0,0,0,0,0,0,0,0,0,0
"34023","5","3361","76","0","2024","3","N",1,0,0,0,0,0,0,0,"N",0.52,0,0,0,0,0,0,0,"N",1,100.0,0,0,0,0,0,0,0,0,0,0,0,0,0,0
"34025","5","3361","76","0","2024","3","N",2,0,0,0,0,0,0,0,"N",1.20,0,0,0,0,0,0,0,"N",0,0.0,0,0,0,0,0,0,0,0,0,0,0,0,0,0
"34027","5","3361","76","0","2024","3","N",1,0,0,0,0,0,0,0,"N",0.73,0,0,0,0,0,0,0,"N",1,100.0,0,0,0,0,0,0,0,0,0,0,0,0,0,0
"34999","5","3361","76","0","2024","3","N",2,0,0,0,0,0,0,0,"N",0.51,0,0,0,0,0,0,0,"N",0,0.0,0,0,0,0,0,0,0,0,0,0,0,0,0,0
"35000","5","3361","56","0","2024","3","N",1,0,0,0,0,0,0,0,"N",0.19,0,0,0,0,0,0,0,"N",0,0.0,0,0,0,0,0,0,0,0,0,0,0,0,0,0
"35005","5","3361","76","0","2024","3","N",1,0,0,0,0,0,0,0,"N",7.37,0,0,0,0,0,0,0,"N",0,0.0,0,0,0,0,0,0,0,0,0,0,0,0,0,0
"36000","5","3361","56","0","2024","3","N",5,0,0,0,0,0,0,0,"N",0.09,0,0,0,0,0,0,0,"N",3,150.0,0,0,0,0,0,0,0,0,0,0,0,0,0,0
"36013","5","3361","76","0","2024","3","N",1,0,0,0,0,0,0,0,"N",4.09,0,0,0,0,0,0,0,"N",0,0.0,0,0,0,0,0,0,0,0,0,0,0,0,0,0
"36019","5","3361","76","0","2024","3","N",2,0,0,0,0,0,0,0,"N",13.34,0,0,0,0,0,0,0,"N",1,100.0,0,0,0,0,0,0,0,0,0,0,0,0,0,0
"36029","5","3361","76","0","2024","3","N",1,0,0,0,0,0,0,0,"N",0.53,0,0,0,0,0,0,0,"N",1,100.0,0,0,0,0,0,0,0,0,0,0,0,0,0,0
"36081","5","3361","76","0","2024","3","N",1,0,0,0,0,0,0,0,"N",0.23,0,0,0,0,0,0,0,"N",1,100.0,0,0,0,0,0,0,0,0,0,0,0,0,0,0
"37000","5","3361","56","0","2024","3","N",24,0,0,0,0,0,0,0,"N",0.84,0,0,0,0,0,0,0,"N",1,4.3,0,0,0,0,0,0,0,0,0,0,0,0,0,0
"37025","5","3361","76","0","2024","3","N",1,0,0,0,0,0,0,0,"N",1.99,0,0,0,0,0,0,0,"N",0,0.0,0,0,0,0,0,0,0,0,0,0,0,0,0,0
"37035","5","3361","76","0","2024","3","N",1,0,0,0,0,0,0,0,"N",2.53,0,0,0,0,0,0,0,"N",0,0.0,0,0,0,0,0,0,0,0,0,0,0,0,0,0
"37057","5","3361","76","0","2024","3","N",1,0,0,0,0,0,0,0,"N",3.90,0,0,0,0,0,0,0,"N",1,100.0,0,0,0,0,0,0,0,0,0,0,0,0,0,0
"37063","5","3361","76","0","2024","3","N",1,0,0,0,0,0,0,0,"N",1.12,0,0,0,0,0,0,0,"N",0,0.0,0,0,0,0,0,0,0,0,0,0,0,0,0,0
"37071","5","3361","76","0","2024","3","N",2,0,0,0,0,0,0,0,"N",4.66,0,0,0,0,0,0,0,"N",0,0.0,0,0,0,0,0,0,0,0,0,0,0,0,0,0
"37081","5","3361","76","0","2024","3","N",1,0,0,0,0,0,0,0,"N",0.76,0,0,0,0,0,0,0,"N",0,0.0,0,0,0,0,0,0,0,0,0,0,0,0,0,0
"37097","5","3361","76","0","2024","3","N",2,0,0,0,0,0,0,0,"N",3.69,0,0,0,0,0,0,0,"N",0,0.0,0,0,0,0,0,0,0,0,0,0,0,0,0,0
"37109","5","3361","76","0","2024","3","N",1,0,0,0,0,0,0,0,"N",5.04,0,0,0,0,0,0,0,"N",0,0.0,0,0,0,0,0,0,0,0,0,0,0,0,0,0
"37119","5","3361","76","0","2024","3","N",3,0,0,0,0,0,0,0,"N",0.74,0,0,0,0,0,0,0,"N",-1,-25.0,0,0,0,0,0,0,0,0,0,0,0,0,0,0
"37159","5","3361","76","0","2024","3","N",2,0,0,0,0,0,0,0,"N",7.87,0,0,0,0,0,0,0,"N",0,0.0,0,0,0,0,0,0,0,0,0,0,0,0,0,0
"37179","5","3361","76","0","2024","3","N",1,0,0,0,0,0,0,0,"N",1.67,0,0,0,0,0,0,0,"N",0,0.0,0,0,0,0,0,0,0,0,0,0,0,0,0,0
"37183","5","3361","76","0","2024","3","N",2,0,0,0,0,0,0,0,"N",0.52,0,0,0,0,0,0,0,"N",0,0.0,0,0,0,0,0,0,0,0,0,0,0,0,0,0
"37999","5","3361","76","0","2024","3","",6,15,14,13,594631,32686,366,3267,"",2.12,0.03,0.03,0.03,0.04,0.05,0.04,1.18,"",1,20.0,4,36.4,4,40.0,3,30.0,-109396,-15.5,12738,63.9,166,83.0,-1974,-37.7
"38000","5","3361","56","0","2024","3","N",4,0,0,0,0,0,0,0,"N",1.44,0,0,0,0,0,0,0,"N",-1,-20.0,0,0,0,0,0,0,0,0,0,0,0,0,0,0
"38017","5","3361","76","0","2024","3","N",1,0,0,0,0,0,0,0,"N",1.38,0,0,0,0,0,0,0,"N",-1,-50.0,0,0,0,0,0,0,0,0,0,0,0,0,0,0
"38067","5","3361","76","0","2024","3","N",1,0,0,0,0,0,0,0,"N",31.93,0,0,0,0,0,0,0,"N",0,0.0,0,0,0,0,0,0,0,0,0,0,0,0,0,0
"38077","5","3361","76","0","2024","3","N",1,0,0,0,0,0,0,0,"N",18.67,0,0,0,0,0,0,0,"N",0,0.0,0,0,0,0,0,0,0,0,0,0,0,0,0,0
"38079","5","3361","76","0","2024","3","N",1,0,0,0,0,0,0,0,"N",46.06,0,0,0,0,0,0,0,"N",0,0.0,0,0,0,0,0,0,0,0,0,0,0,0,0,0
"39000","5","3361","56","0","2024","3","",33,17627,19673,20067,478190884,4711895,199528,1924,"",1.26,1.74,1.91,1.95,2.20,1.62,1.63,1.18,"",0,0.0,-4560,-20.6,-2410,-10.9,-1902,-8.7,72216359,17.8,-3009503,-39.0,-94130,-32.1,510,36.1
"39003","5","3361","76","0","2024","3","N",1,0,0,0,0,0,0,0,"N",5.08,0,0,0,0,0,0,0,"N",0,0.0,0,0,0,0,0,0,0,0,0,0,0,0,0,0
"39017","5","3361","76","0","2024","3","N",1,0,0,0,0,0,0,0,"N",1.43,0,0,0,0,0,0,0,"N",0,0.0,0,0,0,0,0,0,0,0,0,0,0,0,0,0
"39019","5","3361","76","0","2024","3","N",1,0,0,0,0,0,0,0,"N",23.69,0,0,0,0,0,0,0,"N",0,0.0,0,0,0,0,0,0,0,0,0,0,0,0,0,0
"39023","5","3361","76","0","2024","3","N",3,0,0,0,0,0,0,0,"N",15.12,0,0,0,0,0,0,0,"N",0,0.0,0,0,0,0,0,0,0,0,0,0,0,0,0,0
"39025","5","3361","76","0","2024","3","N",2,0,0,0,0,0,0,0,"N",5.19,0,0,0,0,0,0,0,"N",0,0.0,0,0,0,0,0,0,0,0,0,0,0,0,0,0
"39049","5","3361","76","0","2024","3","",5,348,342,338,6392984,182139,3871,1435,"",1.65,0.24,0.24,0.23,0.19,0.45,0.23,0.80,"",-1,-16.7,-58,-14.3,-59,-14.7,-59,-14.9,-527777,-7.6,-107873,-37.2,-2816,-42.1,109,8.2
"39061","5","3361","76","0","2024","3","N",2,0,0,0,0,0,0,0,"N",0.97,0,0,0,0,0,0,0,"N",0,0.0,0,0,0,0,0,0,0,0,0,0,0,0,0,0
"39063","5","3361","76","0","2024","3","N",1,0,0,0,0,0,0,0,"N",6.72,0,0,0,0,0,0,0,"N",0,0.0,0,0,0,0,0,0,0,0,0,0,0,0,0,0
"39085","5","3361","76","0","2024","3","N",1,0,0,0,0,0,0,0,"N",1.94,0,0,0,0,0,0,0,"N",0,0.0,0,0,0,0,0,0,0,0,0,0,0,0,0,0
"39091","5","3361","76","0","2024","3","N",1,0,0,0,0,0,0,0,"N",12.79,0,0,0,0,0,0,0,"N",0,0.0,0,0,0,0,0,0,0,0,0,0,0,0,0,0
"39093","5","3361","76","0","2024","3","N",3,0,0,0,0,0,0,0,"N",5.70,0,0,0,0,0,0,0,"N",0,0.0,0,0,0,0,0,0,0,0,0,0,0,0,0,0
"39095","5","3361","76","0","2024","3","N",3,0,0,0,0,0,0,0,"N",3.61,0,0,0,0,0,0,0,"N",0,0.0,0,0,0,0,0,0,0,0,0,0,0,0,0,0
"39125","5","3361","76","0","2024","3","N",1,0,0,0,0,0,0,0,"N",31.18,0,0,0,0,0,0,0,"N",0,0.0,0,0,0,0,0,0,0,0,0,0,0,0,0,0
"39141","5","3361","76","0","2024","3","N",1,0,0,0,0,0,0,0,"N",8.52,0,0,0,0,0,0,0,"N",0,0.0,0,0,0,0,0,0,0,0,0,0,0,0,0,0
"39155","5","3361","76","0","2024","3","N",3,0,0,0,0,0,0,0,"N",8.85,0,0,0,0,0,0,0,"N",0,0.0,0,0,0,0,0,0,0,0,0,0,0,0,0,0
"39159","5","3361","76","0","2024","3","N",1,0,0,0,0,0,0,0,"N",8.30,0,0,0,0,0,0,0,"N",0,0.0,0,0,0,0,0,0,0,0,0,0,0,0,0,0
"39165","5","3361","76","0","2024","3","N",1,0,0,0,0,0,0,0,"N",2.01,0,0,0,0,0,0,0,"N",0,0.0,0,0,0,0,0,0,0,0,0,0,0,0,0,0
"39999","5","3361","76","0","2024","3","N",2,0,0,0,0,0,0,0,"N",0.89,0,0,0,0,0,0,0,"N",1,100.0,0,0,0,0,0,0,0,0,0,0,0,0,0,0
"40000","5","3361","56","0","2024","3","N",6,0,0,0,0,0,0,0,"N",0.62,0,0,0,0,0,0,0,"N",0,0.0,0,0,0,0,0,0,0,0,0,0,0,0,0,0
"40017","5","3361","76","0","2024","3","N",1,0,0,0,0,0,0,0,"N",3.23,0,0,0,0,0,0,0,"N",0,0.0,0,0,0,0,0,0,0,0,0,0,0,0,0,0
"40039","5","3361","76","0","2024","3","N",1,0,0,0,0,0,0,0,"N",12.91,0,0,0,0,0,0,0,"N",0,0.0,0,0,0,0,0,0,0,0,0,0,0,0,0,0
"40087","5","3361","76","0","2024","3","N",1,0,0,0,0,0,0,0,"N",10.12,0,0,0,0,0,0,0,"N",0,0.0,0,0,0,0,0,0,0,0,0,0,0,0,0,0
"40137","5","3361","76","0","2024","3","N",1,0,0,0,0,0,0,0,"N",10.99,0,0,0,0,0,0,0,"N",0,0.0,0,0,0,0,0,0,0,0,0,0,0,0,0,0
"40143","5","3361","76","0","2024","3","N",2,0,0,0,0,0,0,0,"N",1.00,0,0,0,0,0,0,0,"N",0,0.0,0,0,0,0,0,0,0,0,0,0,0,0,0,0
"41000","5","3361","56","0","2024","3","N",9,0,0,0,0,0,0,0,"N",0.62,0,0,0,0,0,0,0,"N",-1,-10.0,0,0,0,0,0,0,0,0,0,0,0,0,0,0
"41009","5","3361","76","0","2024","3","N",1,0,0,0,0,0,0,0,"N",9.04,0,0,0,0,0,0,0,"N",0,0.0,0,0,0,0,0,0,0,0,0,0,0,0,0,0
"41013","5","3361","76","0","2024","3","N",1,0,0,0,0,0,0,0,"N",14.80,0,0,0,0,0,0,0,"N",0,0.0,0,0,0,0,0,0,0,0,0,0,0,0,0,0
"41031","5","3361","76","0","2024","3","N",1,0,0,0,0,0,0,0,"N",19.79,0,0,0,0,0,0,0,"N",0,0.0,0,0,0,0,0,0,0,0,0,0,0,0,0,0
"41039","5","3361","76","0","2024","3","N",1,0,0,0,0,0,0,0,"N",0.96,0,0,0,0,0,0,0,"N",0,0.0,0,0,0,0,0,0,0,0,0,0,0,0,0,0
"41047","5","3361","76","0","2024","3","N",1,0,0,0,0,0,0,0,"N",1.02,0,0,0,0,0,0,0,"N",0,0.0,0,0,0,0,0,0,0,0,0,0,0,0,0,0
"41051","5","3361","76","0","2024","3","N",1,0,0,0,0,0,0,0,"N",0.32,0,0,0,0,0,0,0,"N",0,0.0,0,0,0,0,0,0,0,0,0,0,0,0,0,0
"41053","5","3361","76","0","2024","3","N",1,0,0,0,0,0,0,0,"N",5.56,0,0,0,0,0,0,0,"N",0,0.0,0,0,0,0,0,0,0,0,0,0,0,0,0,0
"41067","5","3361","76","0","2024","3","-",0,0,0,0,0,0,0,0,"N",0.00,0,0,0,0,0,0,0,"N",-1,-100.0,0,0,0,0,0,0,0,0,0,0,0,0,0,0
"41999","5","3361","76","0","2024","3","N",2,0,0,0,0,0,0,0,"N",1.57,0,0,0,0,0,0,0,"N",0,0.0,0,0,0,0,0,0,0,0,0,0,0,0,0,0
"42000","5","3361","56","0","2024","3","",8,3580,3574,3612,63663104,2216369,170735,1365,"",0.27,0.33,0.32,0.32,0.25,0.68,0.92,0.78,"",0,0.0,97,2.8,142,4.1,149,4.3,5153259,8.8,-335931,-13.2,-50442,-22.8,64,4.9
"42013","5","3361","76","0","2024","3","N",1,0,0,0,0,0,0,0,"N",3.86,0,0,0,0,0,0,0,"N",0,0.0,0,0,0,0,0,0,0,0,0,0,0,0,0,0
"42017","5","3361","76","0","2024","3","N",1,0,0,0,0,0,0,0,"N",0.62,0,0,0,0,0,0,0,"N",0,0.0,0,0,0,0,0,0,0,0,0,0,0,0,0,0
"42021","5","3361","76","0","2024","3","N",1,0,0,0,0,0,0,0,"N",3.99,0,0,0,0,0,0,0,"N",0,0.0,0,0,0,0,0,0,0,0,0,0,0,0,0,0
"42071","5","3361","76","0","2024","3","N",2,0,0,0,0,0,0,0,"N",1.80,0,0,0,0,0,0,0,"N",0,0.0,0,0,0,0,0,0,0,0,0,0,0,0,0,0
"42077","5","3361","76","0","2024","3","N",1,0,0,0,0,0,0,0,"N",1.47,0,0,0,0,0,0,0,"N",0,0.0,0,0,0,0,0,0,0,0,0,0,0,0,0,0
"42111","5","3361","76","0","2024","3","N",1,0,0,0,0,0,0,0,"N",7.07,0,0,0,0,0,0,0,"N",0,0.0,0,0,0,0,0,0,0,0,0,0,0,0,0,0
"42127","5","3361","76","0","2024","3","N",1,0,0,0,0,0,0,0,"N",9.11,0,0,0,0,0,0,0,"N",0,0.0,0,0,0,0,0,0,0,0,0,0,0,0,0,0
"45000","5","3361","56","0","2024","3","",44,15192,15277,15431,289566893,11510409,264783,1456,"",3.01,3.65,3.59,3.60,3.50,5.60,11.20,0.97,"",3,7.3,731,5.1,873,6.1,758,5.2,30560489,11.8,-480253,-4.0,28925,12.3,83,6.0
"45013","5","3361","76","0","2024","3","N",1,0,0,0,0,0,0,0,"N",1.69,0,0,0,0,0,0,0,"N",0,0.0,0,0,0,0,0,0,0,0,0,0,0,0,0,0
"45015","5","3361","76","0","2024","3","N",3,0,0,0,0,0,0,0,"N",7.60,0,0,0,0,0,0,0,"N",0,0.0,0,0,0,0,0,0,0,0,0,0,0,0,0,0
"45019","5","3361","76","0","2024","3","N",2,0,0,0,0,0,0,0,"N",1.17,0,0,0,0,0,0,0,"N",0,0.0,0,0,0,0,0,0,0,0,0,0,0,0,0,0
"45021","5","3361","76","0","2024","3","N",1,0,0,0,0,0,0,0,"N",13.25,0,0,0,0,0,0,0,"N",0,0.0,0,0,0,0,0,0,0,0,0,0,0,0,0,0
"45035","5","3361","76","0","2024","3","N",3,0,0,0,0,0,0,0,"N",10.98,0,0,0,0,0,0,0,"N",0,0.0,0,0,0,0,0,0,0,0,0,0,0,0,0,0
"45045","5","3361","76","0","2024","3","N",7,0,0,0,0,0,0,0,"N",4.51,0,0,0,0,0,0,0,"N",1,16.7,0,0,0,0,0,0,0,0,0,0,0,0,0,0
"45055","5","3361","76","0","2024","3","N",3,0,0,0,0,0,0,0,"N",24.94,0,0,0,0,0,0,0,"N",0,0.0,0,0,0,0,0,0,0,0,0,0,0,0,0,0
"45057","5","3361","76","0","2024","3","N",1,0,0,0,0,0,0,0,"N",5.81,0,0,0,0,0,0,0,"N",0,0.0,0,0,0,0,0,0,0,0,0,0,0,0,0,0
"45079","5","3361","76","0","2024","3","N",1,0,0,0,0,0,0,0,"N",1.03,0,0,0,0,0,0,0,"N",1,100.0,0,0,0,0,0,0,0,0,0,0,0,0,0,0
"45083","5","3361","76","0","2024","3","N",6,0,0,0,0,0,0,0,"N",9.33,0,0,0,0,0,0,0,"N",2,50.0,0,0,0,0,0,0,0,0,0,0,0,0,0,0
"45091","5","3361","76","0","2024","3","N",2,0,0,0,0,0,0,0,"N",2.89,0,0,0,0,0,0,0,"N",0,0.0,0,0,0,0,0,0,0,0,0,0,0,0,0,0
"45999","5","3361","76","0","2024","3","",14,130,145,159,6145812,673778,2307,3268,"",4.99,0.59,0.64,0.70,0.88,4.87,1.16,1.36,"",-1,-6.7,7,5.7,10,7.4,17,12.0,2281690,59.0,301938,81.2,886,62.4,1039,46.6
"46000","5","3361","56","0","2024","3","N",1,0,0,0,0,0,0,0,"N",0.33,0,0,0,0,0,0,0,"N",0,0.0,0,0,0,0,0,0,0,0,0,0,0,0,0,0
"46061","5","3361","76","0","2024","3","N",1,0,0,0,0,0,0,0,"N",123.56,0,0,0,0,0,0,0,"N",0,0.0,0,0,0,0,0,0,0,0,0,0,0,0,0,0
"47000","5","3361","56","0","2024","3","",54,21060,21023,20892,545192287,3740167,25992,1998,"",3.08,3.56,3.45,3.40,4.19,2.42,0.96,1.21,"",6,12.5,392,1.9,444,2.2,288,1.4,28391350,5.5,-3030382,-44.8,-39696,-60.4,70,3.6
"47003","5","3361","76","0","2024","3","N",2,0,0,0,0,0,0,0,"N",24.28,0,0,0,0,0,0,0,"N",1,100.0,0,0,0,0,0,0,0,0,0,0,0,0,0,0
"47009","5","3361","76","0","2024","3","N",1,0,0,0,0,0,0,0,"N",3.79,0,0,0,0,0,0,0,"N",0,0.0,0,0,0,0,0,0,0,0,0,0,0,0,0,0
"47017","5","3361","76","0","2024","3","N",1,0,0,0,0,0,0,0,"N",22.72,0,0,0,0,0,0,0,"N",0,0.0,0,0,0,0,0,0,0,0,0,0,0,0,0,0
"47035","5","3361","76","0","2024","3","N",1,0,0,0,0,0,0,0,"N",8.27,0,0,0,0,0,0,0,"N",0,0.0,0,0,0,0,0,0,0,0,0,0,0,0,0,0
"47037","5","3361","76","0","2024","3","N",1,0,0,0,0,0,0,0,"N",0.37,0,0,0,0,0,0,0,"N",0,0.0,0,0,0,0,0,0,0,0,0,0,0,0,0,0
"47065","5","3361","76","0","2024","3","N",7,0,0,0,0,0,0,0,"N",6.67,0,0,0,0,0,0,0,"N",1,16.7,0,0,0,0,0,0,0,0,0,0,0,0,0,0
"47089","5","3361","76","0","2024","3","N",3,0,0,0,0,0,0,0,"N",37.42,0,0,0,0,0,0,0,"N",0,0.0,0,0,0,0,0,0,0,0,0,0,0,0,0,0
"47093","5","3361","76","0","2024","3","N",2,0,0,0,0,0,0,0,"N",1.50,0,0,0,0,0,0,0,"N",1,100.0,0,0,0,0,0,0,0,0,0,0,0,0,0,0
"47099","5","3361","76","0","2024","3","N",2,0,0,0,0,0,0,0,"N",27.80,0,0,0,0,0,0,0,"N",1,100.0,0,0,0,0,0,0,0,0,0,0,0,0,0,0
"47105","5","3361","76","0","2024","3","N",2,0,0,0,0,0,0,0,"N",17.85,0,0,0,0,0,0,0,"N",0,0.0,0,0,0,0,0,0,0,0,0,0,0,0,0,0
"47107","5","3361","76","0","2024","3","N",1,0,0,0,0,0,0,0,"N",11.80,0,0,0,0,0,0,0,"N",1,100.0,0,0,0,0,0,0,0,0,0,0,0,0,0,0
"47119","5","3361","76","0","2024","3","N",3,0,0,0,0,0,0,0,"N",12.43,0,0,0,0,0,0,0,"N",1,50.0,0,0,0,0,0,0,0,0,0,0,0,0,0,0
"47125","5","3361","76","0","2024","3","N",1,0,0,0,0,0,0,0,"N",2.67,0,0,0,0,0,0,0,"N",-1,-50.0,0,0,0,0,0,0,0,0,0,0,0,0,0,0
"47137","5","3361","76","0","2024","3","N",2,0,0,0,0,0,0,0,"N",216.73,0,0,0,0,0,0,0,"N",1,100.0,0,0,0,0,0,0,0,0,0,0,0,0,0,0
"47141","5","3361","76","0","2024","3","N",3,0,0,0,0,0,0,0,"N",15.03,0,0,0,0,0,0,0,"N",2,200.0,0,0,0,0,0,0,0,0,0,0,0,0,0,0
"47143","5","3361","76","0","2024","3","N",1,0,0,0,0,0,0,0,"N",20.50,0,0,0,0,0,0,0,"N",0,0.0,0,0,0,0,0,0,0,0,0,0,0,0,0,0
"47149","5","3361","76","0","2024","3","N",4,0,0,0,0,0,0,0,"N",5.91,0,0,0,0,0,0,0,"N",0,0.0,0,0,0,0,0,0,0,0,0,0,0,0,0,0
"47155","5","3361","76","0","2024","3","N",1,0,0,0,0,0,0,0,"N",3.66,0,0,0,0,0,0,0,"N",0,0.0,0,0,0,0,0,0,0,0,0,0,0,0,0,0
"47157","5","3361","76","0","2024","3","N",3,0,0,0,0,0,0,0,"N",1.60,0,0,0,0,0,0,0,"N",-2,-40.0,0,0,0,0,0,0,0,0,0,0,0,0,0,0
"47163","5","3361","76","0","2024","3","N",1,0,0,0,0,0,0,0,"N",3.07,0,0,0,0,0,0,0,"N",0,0.0,0,0,0,0,0,0,0,0,0,0,0,0,0,0
"47165","5","3361","76","0","2024","3","N",1,0,0,0,0,0,0,0,"N",2.32,0,0,0,0,0,0,0,"N",0,0.0,0,0,0,0,0,0,0,0,0,0,0,0,0,0
"47187","5","3361","76","0","2024","3","N",1,0,0,0,0,0,0,0,"N",0.88,0,0,0,0,0,0,0,"N",1,100.0,0,0,0,0,0,0,0,0,0,0,0,0,0,0
"47189","5","3361","76","0","2024","3","N",1,0,0,0,0,0,0,0,"N",2.74,0,0,0,0,0,0,0,"N",-1,-50.0,0,0,0,0,0,0,0,0,0,0,0,0,0,0
"47999","5","3361","76","0","2024","3","",9,126,129,129,2789854,93778,1042,1677,"",5.10,0.54,0.54,0.53,0.37,1.27,0.53,0.68,"",1,12.5,-12,-8.7,-19,-12.8,-17,-11.6,36387,1.3,-91801,-49.5,-3968,-79.2,206,14.0
"48000","5","3361","56","0","2024","3","",67,16271,16030,16074,444928763,7484538,67956,2122,"",1.04,0.64,0.62,0.62,0.72,0.94,0.37,1.16,"",9,15.5,108,0.7,-158,-1.0,-282,-1.7,45140809,11.3,-2632923,-26.0,-184708,-73.1,228,12.0
"48015","5","3361","76","0","2024","3","N",1,0,0,0,0,0,0,0,"N",8.65,0,0,0,0,0,0,0,"N",0,0.0,0,0,0,0,0,0,0,0,0,0,0,0,0,0
"48027","5","3361","76","0","2024","3","N",1,0,0,0,0,0,0,0,"N",2.03,0,0,0,0,0,0,0,"N",0,0.0,0,0,0,0,0,0,0,0,0,0,0,0,0,0
"48029","5","3361","76","0","2024","3","",9,6626,6699,6783,207287380,5160105,36429,2379,"",2.61,3.90,3.86,3.89,5.64,9.94,3.62,1.45,"",0,0.0,264,4.1,274,4.3,187,2.8,23654636,12.9,-1307949,-20.2,-44520,-55.0,193,8.8
"48039","5","3361","76","0","2024","3","N",1,0,0,0,0,0,0,0,"N",1.92,0,0,0,0,0,0,0,"N",0,0.0,0,0,0,0,0,0,0,0,0,0,0,0,0,0
"48065","5","3361","76","0","2024","3","N",1,0,0,0,0,0,0,0,"N",68.86,0,0,0,0,0,0,0,"N",0,0.0,0,0,0,0,0,0,0,0,0,0,0,0,0,0
"48085","5","3361","76","0","2024","3","N",1,0,0,0,0,0,0,0,"N",0.38,0,0,0,0,0,0,0,"N",0,0.0,0,0,0,0,0,0,0,0,0,0,0,0,0,0
"48097","5","3361","76","0","2024","3","N",1,0,0,0,0,0,0,0,"N",11.92,0,0,0,0,0,0,0,"N",1,100.0,0,0,0,0,0,0,0,0,0,0,0,0,0,0
"48113","5","3361","76","0","2024","3","N",1,0,0,0,0,0,0,0,"N",0.16,0,0,0,0,0,0,0,"N",0,0.0,0,0,0,0,0,0,0,0,0,0,0,0,0,0
"48121","5","3361","76","0","2024","3","N",2,0,0,0,0,0,0,0,"N",1.27,0,0,0,0,0,0,0,"N",1,100.0,0,0,0,0,0,0,0,0,0,0,0,0,0,0
"48135","5","3361","76","0","2024","3","N",1,0,0,0,0,0,0,0,"N",3.09,0,0,0,0,0,0,0,"N",1,100.0,0,0,0,0,0,0,0,0,0,0,0,0,0,0
"48141","5","3361","76","0","2024","3","N",1,0,0,0,0,0,0,0,"N",0.79,0,0,0,0,0,0,0,"N",0,0.0,0,0,0,0,0,0,0,0,0,0,0,0,0,0
"48143","5","3361","76","0","2024","3","N",1,0,0,0,0,0,0,0,"N",10.26,0,0,0,0,0,0,0,"N",1,100.0,0,0,0,0,0,0,0,0,0,0,0,0,0,0
"48149","5","3361","76","0","2024","3","N",1,0,0,0,0,0,0,0,"N",15.44,0,0,0,0,0,0,0,"N",0,0.0,0,0,0,0,0,0,0,0,0,0,0,0,0,0
"48167","5","3361","76","0","2024","3","N",1,0,0,0,0,0,0,0,"N",1.90,0,0,0,0,0,0,0,"N",0,0.0,0,0,0,0,0,0,0,0,0,0,0,0,0,0
"48201","5","3361","76","0","2024","3","N",1,0,0,0,0,0,0,0,"N",0.11,0,0,0,0,0,0,0,"N",-1,-50.0,0,0,0,0,0,0,0,0,0,0,0,0,0,0
"48203","5","3361","76","0","2024","3","N",1,0,0,0,0,0,0,0,"N",9.07,0,0,0,0,0,0,0,"N",1,100.0,0,0,0,0,0,0,0,0,0,0,0,0,0,0
"48231","5","3361","76","0","2024","3","N",1,0,0,0,0,0,0,0,"N",7.32,0,0,0,0,0,0,0,"N",0,0.0,0,0,0,0,0,0,0,0,0,0,0,0,0,0
"48259","5","3361","76","0","2024","3","N",1,0,0,0,0,0,0,0,"N",6.80,0,0,0,0,0,0,0,"N",0,0.0,0,0,0,0,0,0,0,0,0,0,0,0,0,0
"48309","5","3361","76","0","2024","3","N",1,0,0,0,0,0,0,0,"N",2.19,0,0,0,0,0,0,0,"N",0,0.0,0,0,0,0,0,0,0,0,0,0,0,0,0,0
"48375","5","3361","76","0","2024","3","N",1,0,0,0,0,0,0,0,"N",3.26,0,0,0,0,0,0,0,"N",0,0.0,0,0,0,0,0,0,0,0,0,0,0,0,0,0
"48401","5","3361","76","0","2024","3","N",1,0,0,0,0,0,0,0,"N",15.18,0,0,0,0,0,0,0,"N",0,0.0,0,0,0,0,0,0,0,0,0,0,0,0,0,0
"48409","5","3361","76","0","2024","3","N",1,0,0,0,0,0,0,0,"N",10.93,0,0,0,0,0,0,0,"N",0,0.0,0,0,0,0,0,0,0,0,0,0,0,0,0,0
"48439","5","3361","76","0","2024","3","N",6,0,0,0,0,0,0,0,"N",1.57,0,0,0,0,0,0,0,"N",0,0.0,0,0,0,0,0,0,0,0,0,0,0,0,0,0
"48453","5","3361","76","0","2024","3","",4,66,61,60,1692413,4428,101,2089,"",1.02,0.04,0.04,0.04,0.03,0.01,0.01,0.88,"",1,33.3,-4,-5.7,-11,-15.3,-12,-16.7,10107,0.6,-46568,-91.3,-324,-76.2,275,15.2
"48469","5","3361","76","0","2024","3","N",1,0,0,0,0,0,0,0,"N",5.48,0,0,0,0,0,0,0,"N",0,0.0,0,0,0,0,0,0,0,0,0,0,0,0,0,0
"48491","5","3361","76","0","2024","3","N",1,0,0,0,0,0,0,0,"N",0.84,0,0,0,0,0,0,0,"N",0,0.0,0,0,0,0,0,0,0,0,0,0,0,0,0,0
"48999","5","3361","76","0","2024","3","",24,84,82,82,3459038,32224,870,3219,"",3.10,0.08,0.07,0.07,0.09,0.07,0.05,1.24,"",4,20.0,4,5.0,1,1.2,1,1.2,-385786,-10.0,16965,111.2,720,480.0,-447,-12.2
"49000","5","3361","56","0","2024","3","N",16,0,0,0,0,0,0,0,"N",1.50,0,0,0,0,0,0,0,"N",2,14.3,0,0,0,0,0,0,0,0,0,0,0,0,0,0
"49035","5","3361","76","0","2024","3","",12,16,16,17,958891,32275,142,4516,"",2.34,0.01,0.01,0.01,0.03,0.01,0.00,2.41,"",0,0.0,0,0.0,-2,-11.1,0,0.0,235518,32.6,-65710,-67.1,-546,-79.4,1243,38.0
"49049","5","3361","76","0","2024","3","N",4,0,0,0,0,0,0,0,"N",2.34,0,0,0,0,0,0,0,"N",2,100.0,0,0,0,0,0,0,0,0,0,0,0,0,0,0
"50000","5","3361","56","0","2024","3","N",1,0,0,0,0,0,0,0,"N",0.40,0,0,0,0,0,0,0,"N",0,0.0,0,0,0,0,0,0,0,0,0,0,0,0,0,0
"50007","5","3361","76","0","2024","3","N",1,0,0,0,0,0,0,0,"N",1.35,0,0,0,0,0,0,0,"N",0,0.0,0,0,0,0,0,0,0,0,0,0,0,0,0,0
"51000","5","3361","56","0","2024","3","",29,4810,4399,4868,82847866,2602137,69397,1358,"",1.21,0.64,0.58,0.64,0.44,1.32,3.31,0.71,"",5,20.8,129,2.8,-172,-3.8,279,6.1,-2220770,-2.6,62661,2.5,28616,70.2,-60,-4.2
"51009","5","3361","76","0","2024","3","N",1,0,0,0,0,0,0,0,"N",16.67,0,0,0,0,0,0,0,"N",0,0.0,0,0,0,0,0,0,0,0,0,0,0,0,0,0
"51023","5","3361","76","0","2024","3","N",1,0,0,0,0,0,0,0,"N",13.53,0,0,0,0,0,0,0,"N",0,0.0,0,0,0,0,0,0,0,0,0,0,0,0,0,0
"51041","5","3361","76","0","2024","3","N",1,0,0,0,0,0,0,0,"N",1.29,0,0,0,0,0,0,0,"N",1,100.0,0,0,0,0,0,0,0,0,0,0,0,0,0,0
"51067","5","3361","76","0","2024","3","N",1,0,0,0,0,0,0,0,"N",8.19,0,0,0,0,0,0,0,"N",0,0.0,0,0,0,0,0,0,0,0,0,0,0,0,0,0
"51081","5","3361","76","0","2024","3","N",1,0,0,0,0,0,0,0,"N",55.32,0,0,0,0,0,0,0,"N",0,0.0,0,0,0,0,0,0,0,0,0,0,0,0,0,0
"51085","5","3361","76","0","2024","3","N",1,0,0,0,0,0,0,0,"N",3.08,0,0,0,0,0,0,0,"N",0,0.0,0,0,0,0,0,0,0,0,0,0,0,0,0,0
"51121","5","3361","76","0","2024","3","N",2,0,0,0,0,0,0,0,"N",10.11,0,0,0,0,0,0,0,"N",0,0.0,0,0,0,0,0,0,0,0,0,0,0,0,0,0
"51155","5","3361","76","0","2024","3","N",1,0,0,0,0,0,0,0,"N",14.87,0,0,0,0,0,0,0,"N",0,0.0,0,0,0,0,0,0,0,0,0,0,0,0,0,0
"51161","5","3361","76","0","2024","3","N",2,0,0,0,0,0,0,0,"N",9.91,0,0,0,0,0,0,0,"N",0,0.0,0,0,0,0,0,0,0,0,0,0,0,0,0,0
"51179","5","3361","76","0","2024","3","N",1,0,0,0,0,0,0,0,"N",4.04,0,0,0,0,0,0,0,"N",1,100.0,0,0,0,0,0,0,0,0,0,0,0,0,0,0
"51510","5","3361","76","0","2024","3","N",1,0,0,0,0,0,0,0,"N",2.06,0,0,0,0,0,0,0,"N",1,100.0,0,0,0,0,0,0,0,0,0,0,0,0,0,0
"51710","5","3361","76","0","2024","3","N",1,0,0,0,0,0,0,0,"N",2.05,0,0,0,0,0,0,0,"N",0,0.0,0,0,0,0,0,0,0,0,0,0,0,0,0,0
"51770","5","3361","76","0","2024","3","N",3,0,0,0,0,0,0,0,"N",11.18,0,0,0,0,0,0,0,"N",0,0.0,0,0,0,0,0,0,0,0,0,0,0,0,0,0
"51810","5","3361","76","0","2024","3","N",1,0,0,0,0,0,0,0,"N",0.96,0,0,0,0,0,0,0,"N",0,0.0,0,0,0,0,0,0,0,0,0,0,0,0,0,0
"51999","5","3361","76","0","2024","3","",11,77,71,71,2750186,27453,38,2898,"",2.96,0.19,0.17,0.17,0.18,0.18,0.01,1.05,"",2,22.2,18,30.5,9,14.5,15,26.8,646758,30.7,-43724,-61.4,-1405,-97.4,156,5.7
"53000","5","3361","56","0","2024","3","N",30,0,0,0,0,0,0,0,"N",1.64,0,0,0,0,0,0,0,"N",4,15.4,0,0,0,0,0,0,0,0,0,0,0,0,0,0
"53005","5","3361","76","0","2024","3","N",1,0,0,0,0,0,0,0,"N",2.40,0,0,0,0,0,0,0,"N",0,0.0,0,0,0,0,0,0,0,0,0,0,0,0,0,0
"53033","5","3361","76","0","2024","3","N",16,0,0,0,0,0,0,0,"N",2.53,0,0,0,0,0,0,0,"N",2,14.3,0,0,0,0,0,0,0,0,0,0,0,0,0,0
"53049","5","3361","76","0","2024","3","N",1,0,0,0,0,0,0,0,"N",18.75,0,0,0,0,0,0,0,"N",0,0.0,0,0,0,0,0,0,0,0,0,0,0,0,0,0
"53053","5","3361","76","0","2024","3","N",1,0,0,0,0,0,0,0,"N",0.62,0,0,0,0,0,0,0,"N",-1,-50.0,0,0,0,0,0,0,0,0,0,0,0,0,0,0
"53061","5","3361","76","0","2024","3","N",2,0,0,0,0,0,0,0,"N",1.26,0,0,0,0,0,0,0,"N",0,0.0,0,0,0,0,0,0,0,0,0,0,0,0,0,0
"53063","5","3361","76","0","2024","3","-",0,0,0,0,0,0,0,0,"N",0.00,0,0,0,0,0,0,0,"N",0,0.0,0,0,0,0,0,0,0,0,0,0,0,0,0,0
"53067","5","3361","76","0","2024","3","N",1,0,0,0,0,0,0,0,"N",1.54,0,0,0,0,0,0,0,"N",0,0.0,0,0,0,0,0,0,0,0,0,0,0,0,0,0
"53077","5","3361","76","0","2024","3","N",1,0,0,0,0,0,0,0,"N",2.03,0,0,0,0,0,0,0,"N",0,0.0,0,0,0,0,0,0,0,0,0,0,0,0,0,0
"53999","5","3361","76","0","2024","3","",7,42,41,40,2846434,561957,10246,5340,"",9.81,0.36,0.34,0.32,0.47,1.36,1.05,1.38,"",3,75.0,20,90.9,19,86.4,22,122.2,1997289,235.2,192071,51.9,3206,45.5,2179,68.9
"54000","5","3361","56","0","2024","3","N",1,0,0,0,0,0,0,0,"N",0.21,0,0,0,0,0,0,0,"N",0,0.0,0,0,0,0,0,0,0,0,0,0,0,0,0,0
"54107","5","3361","76","0","2024","3","N",1,0,0,0,0,0,0,0,"N",4.95,0,0,0,0,0,0,0,"N",0,0.0,0,0,0,0,0,0,0,0,0,0,0,0,0,0
"55000","5","3361","56","0","2024","3","",8,5009,5043,4966,97561552,4607614,23561,1499,"",0.50,0.93,0.91,0.90,0.88,1.99,0.35,0.97,"",0,0.0,170,3.5,211,4.4,190,4.0,6413305,7.0,1032191,28.9,-4682,-16.6,43,3.0
"55017","5","3361","76","0","2024","3","N",1,0,0,0,0,0,0,0,"N",6.61,0,0,0,0,0,0,0,"N",0,0.0,0,0,0,0,0,0,0,0,0,0,0,0,0,0
"55073","5","3361","76","0","2024","3","N",1,0,0,0,0,0,0,0,"N",3.28,0,0,0,0,0,0,0,"N",0,0.0,0,0,0,0,0,0,0,0,0,0,0,0,0,0
"55087","5","3361","76","0","2024","3","N",1,0,0,0,0,0,0,0,"N",2.14,0,0,0,0,0,0,0,"N",0,0.0,0,0,0,0,0,0,0,0,0,0,0,0,0,0
"55135","5","3361","76","0","2024","3","N",2,0,0,0,0,0,0,0,"N",18.67,0,0,0,0,0,0,0,"N",0,0.0,0,0,0,0,0,0,0,0,0,0,0,0,0,0
"55139","5","3361","76","0","2024","3","N",3,0,0,0,0,0,0,0,"N",8.92,0,0,0,0,0,0,0,"N",0,0.0,0,0,0,0,0,0,0,0,0,0,0,0,0,0
"56000","5","3361","56","0","2024","3","N",1,0,0,0,0,0,0,0,"N",0.43,0,0,0,0,0,0,0,"N",0,0.0,0,0,0,0,0,0,0,0,0,0,0,0,0,0
"56033","5","3361","76","0","2024","3","N",1,0,0,0,0,0,0,0,"N",7.45,0,0,0,0,0,0,0,"N",0,0.0,0,0,0,0,0,0,0,0,0,0,0,0,0,0
"C1090","5","3361","46","0","2024","3","N",1,0,0,0,0,0,0,0,"N",0.65,0,0,0,0,0,0,0,"N",0,0.0,0,0,0,0,0,0,0,0,0,0,0,0,0,0
"C1102","5","3361","46","0","2024","3","N",1,0,0,0,0,0,0,0,"N",3.86,0,0,0,0,0,0,0,"N",0,0.0,0,0,0,0,0,0,0,0,0,0,0,0,0,0
"C1110","5","3361","46","0","2024","3","N",2,0,0,0,0,0,0,0,"N",3.70,0,0,0,0,0,0,0,"N",0,0.0,0,0,0,0,0,0,0,0,0,0,0,0,0,0
"C1118","5","3361","46","0","2024","3","N",2,0,0,0,0,0,0,0,"N",6.92,0,0,0,0,0,0,0,"N",1,100.0,0,0,0,0,0,0,0,0,0,0,0,0,0,0
"C1150","5","3361","46","0","2024","3","N",1,0,0,0,0,0,0,0,"N",4.70,0,0,0,0,0,0,0,"N",0,0.0,0,0,0,0,0,0,0,0,0,0,0,0,0,0
"C1154","5","3361","46","0","2024","3","N",1,0,0,0,0,0,0,0,"N",1.84,0,0,0,0,0,0,0,"N",0,0.0,0,0,0,0,0,0,0,0,0,0,0,0,0,0
"C1206","5","3361","46","0","2024","3","",17,139,147,129,3239387,249373,8517,1801,"",1.00,0.03,0.03,0.02,0.02,0.14,0.25,0.96,"",9,112.5,17,13.9,28,23.5,7,5.7,560536,20.9,138068,124.0,2695,46.3,98,5.8
"C1222","5","3361","46","0","2024","3","N",2,0,0,0,0,0,0,0,"N",5.68,0,0,0,0,0,0,0,"N",0,0.0,0,0,0,0,0,0,0,0,0,0,0,0,0,0
"C1242","5","3361","46","0","2024","3","N",5,0,0,0,0,0,0,0,"N",0.86,0,0,0,0,0,0,0,"N",1,25.0,0,0,0,0,0,0,0,0,0,0,0,0,0,0
"C1254","5","3361","46","0","2024","3","N",3,0,0,0,0,0,0,0,"N",1.40,0,0,0,0,0,0,0,"N",1,50.0,0,0,0,0,0,0,0,0,0,0,0,0,0,0
"C1258","5","3361","46","0","2024","3","N",1,0,0,0,0,0,0,0,"N",0.17,0,0,0,0,0,0,0,"N",0,0.0,0,0,0,0,0,0,0,0,0,0,0,0,0,0
"C1294","5","3361","46","0","2024","3","N",1,0,0,0,0,0,0,0,"N",0.44,0,0,0,0,0,0,0,"N",-1,-50.0,0,0,0,0,0,0,0,0,0,0,0,0,0,0
"C1346","5","3361","46","0","2024","3","N",2,0,0,0,0,0,0,0,"N",1.98,0,0,0,0,0,0,0,"N",2,100.0,0,0,0,0,0,0,0,0,0,0,0,0,0,0
"C1382","5","3361","46","0","2024","3","N",12,0,0,0,0,0,0,0,"N",4.41,0,0,0,0,0,0,0,"N",2,20.0,0,0,0,0,0,0,0,0,0,0,0,0,0,0
"C1398","5","3361","46","0","2024","3","N",3,0,0,0,0,0,0,0,"N",8.19,0,0,0,0,0,0,0,"N",0,0.0,0,0,0,0,0,0,0,0,0,0,0,0,0,0
"C1401","5","3361","46","0","2024","3","N",2,0,0,0,0,0,0,0,"N",7.75,0,0,0,0,0,0,0,"N",0,0.0,0,0,0,0,0,0,0,0,0,0,0,0,0,0
"C1426","5","3361","46","0","2024","3","N",4,0,0,0,0,0,0,0,"N",1.41,0,0,0,0,0,0,0,"N",0,0.0,0,0,0,0,0,0,0,0,0,0,0,0,0,0
"C1446","5","3361","46","0","2024","3","N",1,0,0,0,0,0,0,0,"N",0.07,0,0,0,0,0,0,0,"N",0,0.0,0,0,0,0,0,0,0,0,0,0,0,0,0,0
"C1454","5","3361","46","0","2024","3","N",5,0,0,0,0,0,0,0,"N",10.60,0,0,0,0,0,0,0,"N",1,25.0,0,0,0,0,0,0,0,0,0,0,0,0,0,0
"C1486","5","3361","46","0","2024","3","N",1,0,0,0,0,0,0,0,"N",0.29,0,0,0,0,0,0,0,"N",1,100.0,0,0,0,0,0,0,0,0,0,0,0,0,0,0
"C1538","5","3361","46","0","2024","3","N",1,0,0,0,0,0,0,0,"N",0.44,0,0,0,0,0,0,0,"N",1,100.0,0,0,0,0,0,0,0,0,0,0,0,0,0,0
"C1554","5","3361","46","0","2024","3","N",1,0,0,0,0,0,0,0,"N",1.13,0,0,0,0,0,0,0,"N",0,0.0,0,0,0,0,0,0,0,0,0,0,0,0,0,0
"C1594","5","3361","46","0","2024","3","N",1,0,0,0,0,0,0,0,"N",1.31,0,0,0,0,0,0,0,"N",0,0.0,0,0,0,0,0,0,0,0,0,0,0,0,0,0
"C1598","5","3361","46","0","2024","3","N",1,0,0,0,0,0,0,0,"N",0.45,0,0,0,0,0,0,0,"N",0,0.0,0,0,0,0,0,0,0,0,0,0,0,0,0,0
"C1658","5","3361","46","0","2024","3","N",1,0,0,0,0,0,0,0,"N",2.64,0,0,0,0,0,0,0,"N",1,100.0,0,0,0,0,0,0,0,0,0,0,0,0,0,0
"C1670","5","3361","46","0","2024","3","N",8,0,0,0,0,0,0,0,"N",3.36,0,0,0,0,0,0,0,"N",0,0.0,0,0,0,0,0,0,0,0,0,0,0,0,0,0
"C1674","5","3361","46","0","2024","3","N",15,0,0,0,0,0,0,0,"N",2.00,0,0,0,0,0,0,0,"N",-1,-6.2,0,0,0,0,0,0,0,0,0,0,0,0,0,0
"C1686","5","3361","46","0","2024","3","N",9,0,0,0,0,0,0,0,"N",6.89,0,0,0,0,0,0,0,"N",2,28.6,0,0,0,0,0,0,0,0,0,0,0,0,0,0
"C1698","5","3361","46","0","2024","3","",14,6699,6163,6553,150025670,2414194,164869,1783,"",0.72,0.82,0.74,0.78,0.73,0.73,1.07,0.94,"",1,7.7,131,2.0,-546,-8.1,-394,-5.7,21665210,16.9,-2567531,-51.5,-123981,-42.9,318,21.7
"C1714","5","3361","46","0","2024","3","",11,121,117,116,2978644,37058,984,1942,"",2.15,0.06,0.06,0.06,0.07,0.06,0.04,1.12,"",0,0.0,-98,-44.7,-99,-45.8,-97,-45.5,-2154992,-42.0,-62774,-62.9,-1268,-56.3,114,6.2
"C1730","5","3361","46","0","2024","3","N",3,0,0,0,0,0,0,0,"N",5.09,0,0,0,0,0,0,0,"N",0,0.0,0,0,0,0,0,0,0,0,0,0,0,0,0,0
"C1741","5","3361","46","0","2024","3","N",4,0,0,0,0,0,0,0,"N",0.83,0,0,0,0,0,0,0,"N",4,100.0,0,0,0,0,0,0,0,0,0,0,0,0,0,0
"C1766","5","3361","46","0","2024","3","N",1,0,0,0,0,0,0,0,"N",1.50,0,0,0,0,0,0,0,"N",0,0.0,0,0,0,0,0,0,0,0,0,0,0,0,0,0
"C1790","5","3361","46","0","2024","3","N",4,0,0,0,0,0,0,0,"N",2.16,0,0,0,0,0,0,0,"N",1,33.3,0,0,0,0,0,0,0,0,0,0,0,0,0,0
"C1798","5","3361","46","0","2024","3","N",1,0,0,0,0,0,0,0,"N",1.73,0,0,0,0,0,0,0,"N",0,0.0,0,0,0,0,0,0,0,0,0,0,0,0,0,0
"C1814","5","3361","46","0","2024","3","N",6,0,0,0,0,0,0,0,"N",1.31,0,0,0,0,0,0,0,"N",-1,-14.3,0,0,0,0,0,0,0,0,0,0,0,0,0,0
"C1858","5","3361","46","0","2024","3","N",1,0,0,0,0,0,0,0,"N",1.26,0,0,0,0,0,0,0,"N",0,0.0,0,0,0,0,0,0,0,0,0,0,0,0,0,0
"C1910","5","3361","46","0","2024","3","N",11,0,0,0,0,0,0,0,"N",0.69,0,0,0,0,0,0,0,"N",1,10.0,0,0,0,0,0,0,0,0,0,0,0,0,0,0
"C1930","5","3361","46","0","2024","3","N",2,0,0,0,0,0,0,0,"N",3.01,0,0,0,0,0,0,0,"N",0,0.0,0,0,0,0,0,0,0,0,0,0,0,0,0,0
"C1946","5","3361","46","0","2024","3","N",1,0,0,0,0,0,0,0,"N",3.36,0,0,0,0,0,0,0,"N",1,100.0,0,0,0,0,0,0,0,0,0,0,0,0,0,0
"C1950","5","3361","46","0","2024","3","N",1,0,0,0,0,0,0,0,"N",6.59,0,0,0,0,0,0,0,"N",0,0.0,0,0,0,0,0,0,0,0,0,0,0,0,0,0
"C1982","5","3361","46","0","2024","3","",51,34428,38248,38138,861695205,11502835,608308,1794,"",6.12,9.85,10.67,10.65,10.36,10.91,12.49,1.00,"",8,18.6,-4377,-11.3,-718,-1.8,-804,-2.1,53738897,6.7,440765,4.0,-40732,-6.3,196,12.3
"C2022","5","3361","46","0","2024","3","N",1,0,0,0,0,0,0,0,"N",3.55,0,0,0,0,0,0,0,"N",0,0.0,0,0,0,0,0,0,0,0,0,0,0,0,0,0
"C2050","5","3361","46","0","2024","3","N",1,0,0,0,0,0,0,0,"N",0.65,0,0,0,0,0,0,0,"N",0,0.0,0,0,0,0,0,0,0,0,0,0,0,0,0,0
"C2074","5","3361","46","0","2024","3","N",1,0,0,0,0,0,0,0,"N",2.49,0,0,0,0,0,0,0,"N",0,0.0,0,0,0,0,0,0,0,0,0,0,0,0,0,0
"C2114","5","3361","46","0","2024","3","",3,34,33,36,650889,11704,59,1458,"",7.44,0.15,0.14,0.15,0.14,0.19,0.04,0.97,"N",2,200.0,0,0,0,0,0,0,0,0,0,0,0,0,0,0
"C2134","5","3361","46","0","2024","3","N",1,0,0,0,0,0,0,0,"N",0.78,0,0,0,0,0,0,0,"N",0,0.0,0,0,0,0,0,0,0,0,0,0,0,0,0,0
"C2166","5","3361","46","0","2024","3","N",1,0,0,0,0,0,0,0,"N",0.96,0,0,0,0,0,0,0,"N",0,0.0,0,0,0,0,0,0,0,0,0,0,0,0,0,0
"C2202","5","3361","46","0","2024","3","N",1,0,0,0,0,0,0,0,"N",1.19,0,0,0,0,0,0,0,"N",-1,-50.0,0,0,0,0,0,0,0,0,0,0,0,0,0,0
"C2242","5","3361","46","0","2024","3","N",2,0,0,0,0,0,0,0,"N",3.59,0,0,0,0,0,0,0,"N",0,0.0,0,0,0,0,0,0,0,0,0,0,0,0,0,0
"C2306","5","3361","46","0","2024","3","N",1,0,0,0,0,0,0,0,"N",1.09,0,0,0,0,0,0,0,"N",0,0.0,0,0,0,0,0,0,0,0,0,0,0,0,0,0
"C2342","5","3361","46","0","2024","3","N",2,0,0,0,0,0,0,0,"N",0.52,0,0,0,0,0,0,0,"N",0,0.0,0,0,0,0,0,0,0,0,0,0,0,0,0,0
"C2422","5","3361","46","0","2024","3","N",1,0,0,0,0,0,0,0,"N",3.46,0,0,0,0,0,0,0,"N",0,0.0,0,0,0,0,0,0,0,0,0,0,0,0,0,0
"C2434","5","3361","46","0","2024","3","N",3,0,0,0,0,0,0,0,"N",1.41,0,0,0,0,0,0,0,"N",0,0.0,0,0,0,0,0,0,0,0,0,0,0,0,0,0
"C2466","5","3361","46","0","2024","3","N",1,0,0,0,0,0,0,0,"N",0.59,0,0,0,0,0,0,0,"N",0,0.0,0,0,0,0,0,0,0,0,0,0,0,0,0,0
"C2486","5","3361","46","0","2024","3","N",7,0,0,0,0,0,0,0,"N",3.17,0,0,0,0,0,0,0,"N",1,16.7,0,0,0,0,0,0,0,0,0,0,0,0,0,0
"C2586","5","3361","46","0","2024","3","N",1,0,0,0,0,0,0,0,"N",1.43,0,0,0,0,0,0,0,"N",0,0.0,0,0,0,0,0,0,0,0,0,0,0,0,0,0
"C2594","5","3361","46","0","2024","3","N",1,0,0,0,0,0,0,0,"N",1.50,0,0,0,0,0,0,0,"N",0,0.0,0,0,0,0,0,0,0,0,0,0,0,0,0,0
"C2642","5","3361","46","0","2024","3","",4,93,95,92,1759659,129056,633,1450,"",0.30,0.02,0.02,0.02,0.01,0.07,0.01,0.73,"N",-1,-20.0,0,0,0,0,0,0,0,0,0,0,0,0,0,0
"C2662","5","3361","46","0","2024","3","N",10,0,0,0,0,0,0,0,"N",8.35,0,0,0,0,0,0,0,"N",-3,-23.1,0,0,0,0,0,0,0,0,0,0,0,0,0,0
"C2690","5","3361","46","0","2024","3","N",5,0,0,0,0,0,0,0,"N",1.08,0,0,0,0,0,0,0,"N",0,0.0,0,0,0,0,0,0,0,0,0,0,0,0,0,0
"C2714","5","3361","46","0","2024","3","N",1,0,0,0,0,0,0,0,"N",0.80,0,0,0,0,0,0,0,"N",0,0.0,0,0,0,0,0,0,0,0,0,0,0,0,0,0
"C2726","5","3361","46","0","2024","3","N",2,0,0,0,0,0,0,0,"N",0.48,0,0,0,0,0,0,0,"N",0,0.0,0,0,0,0,0,0,0,0,0,0,0,0,0,0
"C2778","5","3361","46","0","2024","3","N",1,0,0,0,0,0,0,0,"N",3.99,0,0,0,0,0,0,0,"N",0,0.0,0,0,0,0,0,0,0,0,0,0,0,0,0,0
"C2802","5","3361","46","0","2024","3","N",1,0,0,0,0,0,0,0,"N",2.19,0,0,0,0,0,0,0,"N",0,0.0,0,0,0,0,0,0,0,0,0,0,0,0,0,0
"C2814","5","3361","46","0","2024","3","",12,11702,11747,11650,263353383,4842457,253339,1731,"",2.02,5.91,5.81,5.72,5.92,3.93,13.93,1.02,"",0,0.0,20,0.2,-35,-0.3,-281,-2.4,36820788,16.3,-3156966,-39.5,-177137,-41.1,254,17.2
"C2842","5","3361","46","0","2024","3","N",1,0,0,0,0,0,0,0,"N",1.67,0,0,0,0,0,0,0,"N",0,0.0,0,0,0,0,0,0,0,0,0,0,0,0,0,0
"C2866","5","3361","46","0","2024","3","N",1,0,0,0,0,0,0,0,"N",1.64,0,0,0,0,0,0,0,"N",0,0.0,0,0,0,0,0,0,0,0,0,0,0,0,0,0
"C2870","5","3361","46","0","2024","3","N",1,0,0,0,0,0,0,0,"N",1.69,0,0,0,0,0,0,0,"N",-1,-50.0,0,0,0,0,0,0,0,0,0,0,0,0,0,0
"C2894","5","3361","46","0","2024","3","N",5,0,0,0,0,0,0,0,"N",2.40,0,0,0,0,0,0,0,"N",1,25.0,0,0,0,0,0,0,0,0,0,0,0,0,0,0
"C2920","5","3361","46","0","2024","3","N",1,0,0,0,0,0,0,0,"N",2.57,0,0,0,0,0,0,0,"N",0,0.0,0,0,0,0,0,0,0,0,0,0,0,0,0,0
"C2946","5","3361","46","0","2024","3","N",2,0,0,0,0,0,0,0,"N",1.51,0,0,0,0,0,0,0,"N",0,0.0,0,0,0,0,0,0,0,0,0,0,0,0,0,0
"C2954","5","3361","46","0","2024","3","N",2,0,0,0,0,0,0,0,"N",1.80,0,0,0,0,0,0,0,"N",0,0.0,0,0,0,0,0,0,0,0,0,0,0,0,0,0
"C2962","5","3361","46","0","2024","3","N",5,0,0,0,0,0,0,0,"N",6.27,0,0,0,0,0,0,0,"N",0,0.0,0,0,0,0,0,0,0,0,0,0,0,0,0,0
"C2982","5","3361","46","0","2024","3","N",6,0,0,0,0,0,0,0,"N",1.23,0,0,0,0,0,0,0,"N",1,20.0,0,0,0,0,0,0,0,0,0,0,0,0,0,0
"C2994","5","3361","46","0","2024","3","N",1,0,0,0,0,0,0,0,"N",3.50,0,0,0,0,0,0,0,"N",0,0.0,0,0,0,0,0,0,0,0,0,0,0,0,0,0
"C3046","5","3361","46","0","2024","3","N",5,0,0,0,0,0,0,0,"N",3.03,0,0,0,0,0,0,0,"N",0,0.0,0,0,0,0,0,0,0,0,0,0,0,0,0,0
"C3062","5","3361","46","0","2024","3","N",1,0,0,0,0,0,0,0,"N",5.08,0,0,0,0,0,0,0,"N",0,0.0,0,0,0,0,0,0,0,0,0,0,0,0,0,0
"C3070","5","3361","46","0","2024","3","N",1,0,0,0,0,0,0,0,"N",1.28,0,0,0,0,0,0,0,"N",0,0.0,0,0,0,0,0,0,0,0,0,0,0,0,0,0
"C3098","5","3361","46","0","2024","3","N",2,0,0,0,0,0,0,0,"N",3.66,0,0,0,0,0,0,0,"N",1,100.0,0,0,0,0,0,0,0,0,0,0,0,0,0,0
"C3108","5","3361","46","0","2024","3","N",30,0,0,0,0,0,0,0,"N",0.54,0,0,0,0,0,0,0,"N",0,0.0,0,0,0,0,0,0,0,0,0,0,0,0,0,0
"C3114","5","3361","46","0","2024","3","N",7,0,0,0,0,0,0,0,"N",1.87,0,0,0,0,0,0,0,"N",0,0.0,0,0,0,0,0,0,0,0,0,0,0,0,0,0
"C3134","5","3361","46","0","2024","3","N",1,0,0,0,0,0,0,0,"N",1.65,0,0,0,0,0,0,0,"N",0,0.0,0,0,0,0,0,0,0,0,0,0,0,0,0,0
"C3282","5","3361","46","0","2024","3","",5,80,80,81,1654848,86527,1612,1585,"",2.01,0.07,0.07,0.07,0.07,0.26,0.37,0.95,"",-2,-28.6,5,6.7,7,9.6,11,15.7,368630,28.7,-938,-1.1,-129,-7.4,223,16.4
"C3310","5","3361","46","0","2024","3","",11,18,19,18,909266,15024,15,3815,"",0.52,0.00,0.00,0.00,0.01,0.01,0.00,2.12,"N",0,0.0,0,0,0,0,0,0,0,0,0,0,0,0,0,0
"C3346","5","3361","46","0","2024","3","N",7,0,0,0,0,0,0,0,"N",0.84,0,0,0,0,0,0,0,"N",0,0.0,0,0,0,0,0,0,0,0,0,0,0,0,0,0
"C3366","5","3361","46","0","2024","3","N",2,0,0,0,0,0,0,0,"N",2.16,0,0,0,0,0,0,0,"N",0,0.0,0,0,0,0,0,0,0,0,0,0,0,0,0,0
"C3386","5","3361","46","0","2024","3","N",3,0,0,0,0,0,0,0,"N",3.81,0,0,0,0,0,0,0,"N",0,0.0,0,0,0,0,0,0,0,0,0,0,0,0,0,0
"C3410","5","3361","46","0","2024","3","N",3,0,0,0,0,0,0,0,"N",14.90,0,0,0,0,0,0,0,"N",0,0.0,0,0,0,0,0,0,0,0,0,0,0,0,0,0
"C3494","5","3361","46","0","2024","3","N",1,0,0,0,0,0,0,0,"N",0.71,0,0,0,0,0,0,0,"N",0,0.0,0,0,0,0,0,0,0,0,0,0,0,0,0,0
"C3498","5","3361","46","0","2024","3","",11,15092,15100,15027,435750721,2641160,14967,2224,"",1.84,7.59,7.38,7.33,9.03,4.98,1.59,1.22,"",1,10.0,-87,-0.6,0,0.0,-172,-1.1,12163428,2.9,-1757016,-39.9,-4489,-23.1,75,3.5
"C3538","5","3361","46","0","2024","3","N",1,0,0,0,0,0,0,0,"N",0.35,0,0,0,0,0,0,0,"N",-1,-50.0,0,0,0,0,0,0,0,0,0,0,0,0,0,0
"C3562","5","3361","46","0","2024","3","",5,172,178,177,3337518,1162626,33096,1461,"",0.10,0.01,0.01,0.01,0.01,0.09,0.06,0.63,"N",3,150.0,0,0,0,0,0,0,0,0,0,0,0,0,0,0
"C3566","5","3361","46","0","2024","3","N",1,0,0,0,0,0,0,0,"N",3.20,0,0,0,0,0,0,0,"N",0,0.0,0,0,0,0,0,0,0,0,0,0,0,0,0,0
"C3584","5","3361","46","0","2024","3","N",2,0,0,0,0,0,0,0,"N",0.73,0,0,0,0,0,0,0,"N",0,0.0,0,0,0,0,0,0,0,0,0,0,0,0,0,0
"C3610","5","3361","46","0","2024","3","N",1,0,0,0,0,0,0,0,"N",1.28,0,0,0,0,0,0,0,"N",-2,-66.7,0,0,0,0,0,0,0,0,0,0,0,0,0,0
"C3622","5","3361","46","0","2024","3","N",1,0,0,0,0,0,0,0,"N",3.09,0,0,0,0,0,0,0,"N",1,100.0,0,0,0,0,0,0,0,0,0,0,0,0,0,0
"C3642","5","3361","46","0","2024","3","N",2,0,0,0,0,0,0,0,"N",0.54,0,0,0,0,0,0,0,"N",0,0.0,0,0,0,0,0,0,0,0,0,0,0,0,0,0
"C3650","5","3361","46","0","2024","3","N",1,0,0,0,0,0,0,0,"N",1.54,0,0,0,0,0,0,0,"N",0,0.0,0,0,0,0,0,0,0,0,0,0,0,0,0,0
"C3674","5","3361","46","0","2024","3","N",4,0,0,0,0,0,0,0,"N",0.55,0,0,0,0,0,0,0,"N",1,33.3,0,0,0,0,0,0,0,0,0,0,0,0,0,0
"C3678","5","3361","46","0","2024","3","N",3,0,0,0,0,0,0,0,"N",8.92,0,0,0,0,0,0,0,"N",0,0.0,0,0,0,0,0,0,0,0,0,0,0,0,0,0
"C3710","5","3361","46","0","2024","3","",3,9,8,10,97227,7463,254,831,"",1.25,0.01,0.01,0.02,0.01,0.05,0.03,0.48,"N",0,0.0,0,0,0,0,0,0,0,0,0,0,0,0,0,0
"C3734","5","3361","46","0","2024","3","N",1,0,0,0,0,0,0,0,"N",0.69,0,0,0,0,0,0,0,"N",0,0.0,0,0,0,0,0,0,0,0,0,0,0,0,0,0
"C3762","5","3361","46","0","2024","3","N",1,0,0,0,0,0,0,0,"N",4.76,0,0,0,0,0,0,0,"N",0,0.0,0,0,0,0,0,0,0,0,0,0,0,0,0,0
"C3798","5","3361","46","0","2024","3","N",2,0,0,0,0,0,0,0,"N",0.15,0,0,0,0,0,0,0,"N",0,0.0,0,0,0,0,0,0,0,0,0,0,0,0,0,0
"C3806","5","3361","46","0","2024","3","N",11,0,0,0,0,0,0,0,"N",1.00,0,0,0,0,0,0,0,"N",-1,-8.3,0,0,0,0,0,0,0,0,0,0,0,0,0,0
"C3890","5","3361","46","0","2024","3","N",2,0,0,0,0,0,0,0,"N",0.25,0,0,0,0,0,0,0,"N",-1,-33.3,0,0,0,0,0,0,0,0,0,0,0,0,0,0
"C3894","5","3361","46","0","2024","3","N",1,0,0,0,0,0,0,0,"N",0.80,0,0,0,0,0,0,0,"N",0,0.0,0,0,0,0,0,0,0,0,0,0,0,0,0,0
"C3934","5","3361","46","0","2024","3","N",4,0,0,0,0,0,0,0,"N",2.30,0,0,0,0,0,0,0,"N",2,100.0,0,0,0,0,0,0,0,0,0,0,0,0,0,0
"C3958","5","3361","46","0","2024","3","N",2,0,0,0,0,0,0,0,"N",0.45,0,0,0,0,0,0,0,"N",0,0.0,0,0,0,0,0,0,0,0,0,0,0,0,0,0
"C3990","5","3361","46","0","2024","3","N",2,0,0,0,0,0,0,0,"N",1.46,0,0,0,0,0,0,0,"N",0,0.0,0,0,0,0,0,0,0,0,0,0,0,0,0,0
"C4006","5","3361","46","0","2024","3","N",2,0,0,0,0,0,0,0,"N",0.60,0,0,0,0,0,0,0,"N",1,100.0,0,0,0,0,0,0,0,0,0,0,0,0,0,0
"C4014","5","3361","46","0","2024","3","",9,390,325,249,8437001,94314,3175,2020,"",0.72,0.13,0.10,0.08,0.14,0.13,0.09,1.34,"",0,0.0,-73,-15.8,-134,-29.2,-205,-45.2,1314656,18.5,-70310,-42.7,-926,-22.6,826,69.2
"C4022","5","3361","46","0","2024","3","",7,912,912,904,13892036,511732,3733,1175,"",9.18,3.30,3.25,3.19,2.58,7.33,5.00,0.79,"",0,0.0,14,1.6,1,0.1,-21,-2.3,-454924,-3.2,-822580,-61.6,-1666,-30.9,-36,-3.0
"C4042","5","3361","46","0","2024","3","N",2,0,0,0,0,0,0,0,"N",3.85,0,0,0,0,0,0,0,"N",-1,-33.3,0,0,0,0,0,0,0,0,0,0,0,0,0,0
"C4106","5","3361","46","0","2024","3","N",1,0,0,0,0,0,0,0,"N",2.28,0,0,0,0,0,0,0,"N",0,0.0,0,0,0,0,0,0,0,0,0,0,0,0,0,0
"C4118","5","3361","46","0","2024","3","N",6,0,0,0,0,0,0,0,"N",0.82,0,0,0,0,0,0,0,"N",0,0.0,0,0,0,0,0,0,0,0,0,0,0,0,0,0
"C4142","5","3361","46","0","2024","3","N",2,0,0,0,0,0,0,0,"N",1.72,0,0,0,0,0,0,0,"N",0,0.0,0,0,0,0,0,0,0,0,0,0,0,0,0,0
"C4162","5","3361","46","0","2024","3","",12,16,16,17,958891,32275,142,4516,"",2.29,0.01,0.01,0.01,0.03,0.01,0.00,2.42,"",0,0.0,0,0.0,-2,-11.1,0,0.0,235518,32.6,-65710,-67.1,-546,-79.4,1243,38.0
"C4170","5","3361","46","0","2024","3","N",10,0,0,0,0,0,0,0,"N",2.26,0,0,0,0,0,0,0,"N",0,0.0,0,0,0,0,0,0,0,0,0,0,0,0,0,0
"C4174","5","3361","46","0","2024","3","",8,132,129,130,2900308,28337,988,1712,"",0.79,0.05,0.05,0.05,0.04,0.05,0.03,0.85,"",1,14.3,24,22.2,22,20.6,19,17.1,605713,26.4,-29721,-51.2,-1067,-51.9,88,5.4
"C4186","5","3361","46","0","2024","3","N",13,0,0,0,0,0,0,0,"N",0.76,0,0,0,0,0,0,0,"N",2,18.2,0,0,0,0,0,0,0,0,0,0,0,0,0,0
"C4194","5","3361","46","0","2024","3","",4,64,67,73,2803180,69198,2172,3171,"",0.61,0.03,0.03,0.03,0.02,0.17,0.10,0.70,"",0,0.0,-8,-11.1,-7,-9.5,-1,-1.4,-986571,-26.0,-12399,-15.2,-535,-19.8,-804,-20.2
"C4234","5","3361","46","0","2024","3","N",1,0,0,0,0,0,0,0,"N",1.01,0,0,0,0,0,0,0,"N",1,100.0,0,0,0,0,0,0,0,0,0,0,0,0,0,0
"C4266","5","3361","46","0","2024","3","N",19,0,0,0,0,0,0,0,"N",2.00,0,0,0,0,0,0,0,"N",1,5.6,0,0,0,0,0,0,0,0,0,0,0,0,0,0
"C4334","5","3361","46","0","2024","3","N",2,0,0,0,0,0,0,0,"N",2.14,0,0,0,0,0,0,0,"N",0,0.0,0,0,0,0,0,0,0,0,0,0,0,0,0,0
"C4364","5","3361","46","0","2024","3","N",1,0,0,0,0,0,0,0,"N",1.20,0,0,0,0,0,0,0,"N",1,100.0,0,0,0,0,0,0,0,0,0,0,0,0,0,0
"C4378","5","3361","46","0","2024","3","N",3,0,0,0,0,0,0,0,"N",5.23,0,0,0,0,0,0,0,"N",0,0.0,0,0,0,0,0,0,0,0,0,0,0,0,0,0
"C4390","5","3361","46","0","2024","3","N",6,0,0,0,0,0,0,0,"N",8.82,0,0,0,0,0,0,0,"N",2,50.0,0,0,0,0,0,0,0,0,0,0,0,0,0,0
"C4406","5","3361","46","0","2024","3","-",0,0,0,0,0,0,0,0,"N",0.00,0,0,0,0,0,0,0,"N",0,0.0,0,0,0,0,0,0,0,0,0,0,0,0,0,0
"C4410","5","3361","46","0","2024","3","N",1,0,0,0,0,0,0,0,"N",2.50,0,0,0,0,0,0,0,"N",0,0.0,0,0,0,0,0,0,0,0,0,0,0,0,0,0
"C4418","5","3361","46","0","2024","3","N",1,0,0,0,0,0,0,0,"N",0.85,0,0,0,0,0,0,0,"N",0,0.0,0,0,0,0,0,0,0,0,0,0,0,0,0,0
"C4422","5","3361","46","0","2024","3","N",3,0,0,0,0,0,0,0,"N",15.12,0,0,0,0,0,0,0,"N",0,0.0,0,0,0,0,0,0,0,0,0,0,0,0,0,0
"C4470","5","3361","46","0","2024","3","N",4,0,0,0,0,0,0,0,"N",2.37,0,0,0,0,0,0,0,"N",0,0.0,0,0,0,0,0,0,0,0,0,0,0,0,0,0
"C4530","5","3361","46","0","2024","3","",8,12,12,12,290220,7098,113,1860,"",0.87,0.00,0.00,0.00,0.01,0.01,0.01,1.10,"",2,33.3,0,0.0,0,0.0,0,0.0,-12367,-4.1,2433,52.2,79,232.4,-80,-4.1
"C4578","5","3361","46","0","2024","3","N",3,0,0,0,0,0,0,0,"N",2.54,0,0,0,0,0,0,0,"N",0,0.0,0,0,0,0,0,0,0,0,0,0,0,0,0,0
"C4590","5","3361","46","0","2024","3","N",1,0,0,0,0,0,0,0,"N",2.38,0,0,0,0,0,0,0,"N",1,100.0,0,0,0,0,0,0,0,0,0,0,0,0,0,0
"C4606","5","3361","46","0","2024","3","N",1,0,0,0,0,0,0,0,"N",0.57,0,0,0,0,0,0,0,"N",1,100.0,0,0,0,0,0,0,0,0,0,0,0,0,0,0
"C4614","5","3361","46","0","2024","3","N",2,0,0,0,0,0,0,0,"N",0.79,0,0,0,0,0,0,0,"N",0,0.0,0,0,0,0,0,0,0,0,0,0,0,0,0,0
"C4622","5","3361","46","0","2024","3","N",1,0,0,0,0,0,0,0,"N",2.09,0,0,0,0,0,0,0,"N",0,0.0,0,0,0,0,0,0,0,0,0,0,0,0,0,0
"C4702","5","3361","46","0","2024","3","N",1,0,0,0,0,0,0,0,"N",5.13,0,0,0,0,0,0,0,"N",0,0.0,0,0,0,0,0,0,0,0,0,0,0,0,0,0
"C4726","5","3361","46","0","2024","3","N",2,0,0,0,0,0,0,0,"N",0.56,0,0,0,0,0,0,0,"N",0,0.0,0,0,0,0,0,0,0,0,0,0,0,0,0,0
"C4730","5","3361","46","0","2024","3","N",2,0,0,0,0,0,0,0,"N",1.77,0,0,0,0,0,0,0,"N",0,0.0,0,0,0,0,0,0,0,0,0,0,0,0,0,0
"C4738","5","3361","46","0","2024","3","N",1,0,0,0,0,0,0,0,"N",1.96,0,0,0,0,0,0,0,"N",0,0.0,0,0,0,0,0,0,0,0,0,0,0,0,0,0
"C4790","5","3361","46","0","2024","3","",7,37,36,39,693498,38459,1034,1429,"",0.42,0.01,0.01,0.01,0.00,0.03,0.04,0.60,"N",4,133.3,0,0,0,0,0,0,0,0,0,0,0,0,0,0
"C4793","5","3361","46","0","2024","3","N",2,0,0,0,0,0,0,0,"N",1.92,0,0,0,0,0,0,0,"N",2,100.0,0,0,0,0,0,0,0,0,0,0,0,0,0,0
"C4794","5","3361","46","0","2024","3","N",1,0,0,0,0,0,0,0,"N",2.60,0,0,0,0,0,0,0,"N",0,0.0,0,0,0,0,0,0,0,0,0,0,0,0,0,0
"C4814","5","3361","46","0","2024","3","N",1,0,0,0,0,0,0,0,"N",3.28,0,0,0,0,0,0,0,"N",0,0.0,0,0,0,0,0,0,0,0,0,0,0,0,0,0
"C4862","5","3361","46","0","2024","3","N",1,0,0,0,0,0,0,0,"N",0.74,0,0,0,0,0,0,0,"N",0,0.0,0,0,0,0,0,0,0,0,0,0,0,0,0,0
"C4868","5","3361","46","0","2024","3","N",1,0,0,0,0,0,0,0,"N",4.83,0,0,0,0,0,0,0,"N",1,100.0,0,0,0,0,0,0,0,0,0,0,0,0,0,0
"C4918","5","3361","46","0","2024","3","N",1,0,0,0,0,0,0,0,"N",0.75,0,0,0,0,0,0,0,"N",1,100.0,0,0,0,0,0,0,0,0,0,0,0,0,0,0
"C4942","5","3361","46","0","2024","3","N",1,0,0,0,0,0,0,0,"N",2.03,0,0,0,0,0,0,0,"N",0,0.0,0,0,0,0,0,0,0,0,0,0,0,0,0,0
"C4966","5","3361","46","0","2024","3","N",3,0,0,0,0,0,0,0,"N",3.69,0,0,0,0,0,0,0,"N",0,0.0,0,0,0,0,0,0,0,0,0,0,0,0,0,0
"C4974","5","3361","46","0","2024","3","N",1,0,0,0,0,0,0,0,"N",3.36,0,0,0,0,0,0,0,"N",0,0.0,0,0,0,0,0,0,0,0,0,0,0,0,0,0
"US000","5","3361","16","0","2024","3","",920,281733,288035,289827,6835597740,172349387,4558998,1835,"",1.00,1.00,1.00,1.00,1.00,1.00,1.00,1.00,"",76,9.0,-13906,-4.7,-7343,-2.5,-8330,-2.8,377651915,5.8,-30164393,-14.9,-657880,-12.6,159,9.5
